{"transport_mode":"TRAIN",
"length":24,
"width":2,
"door_max":10,
"parts":[

{"name":"headout",
"stage":"EXTERIOR",
"mirror":false,
"skip_rendering_if_too_far":false,
"door_offset":"NONE",
"render_condition":"ALL",
"positions":[[0,-160.0]],
"whitelisted_cars":"1",
"blacklisted_cars":"%1"},

{"name":"headin",
"stage":"INTERIOR",
"mirror":false,
"skip_rendering_if_too_far":true,
"door_offset":"NONE",
"render_condition":"ALL",
"positions":[[0,-160.0]],
"whitelisted_cars":"1",
"blacklisted_cars":"%2,%2+1"},

{"name":"headout",
"stage":"EXTERIOR",
"mirror":true,
"skip_rendering_if_too_far":false,
"door_offset":"NONE",
"render_condition":"ALL",
"positions":[[0,160.0]],
"whitelisted_cars":"-1",
"blacklisted_cars":"%2,%2+1"},

{"name":"headin",
"stage":"INTERIOR",
"mirror":true,
"skip_rendering_if_too_far":true,
"door_offset":"NONE",
"render_condition":"ALL",
"positions":[[0,160.0]],
"whitelisted_cars":"-1",
"blacklisted_cars":"%2,%2+1"},





{"name":"endout",
"stage":"EXTERIOR",
"mirror":false,
"skip_rendering_if_too_far":false,
"door_offset":"NONE",
"render_condition":"ALL",
"positions":[[0,-160.0]],
"whitelisted_cars":"%2,%2+1",
"blacklisted_cars":"1"},

{"name":"endin",
"stage":"INTERIOR",
"mirror":false,
"skip_rendering_if_too_far":true,
"door_offset":"NONE",
"render_condition":"ALL",
"positions":[[0,-160.0]],
"whitelisted_cars":"%2,%2+1",
"blacklisted_cars":"1"},

{"name":"endout",
"stage":"EXTERIOR",
"mirror":true,
"skip_rendering_if_too_far":false,
"door_offset":"NONE",
"render_condition":"ALL",
"positions":[[0,160.0]],
"whitelisted_cars":"%2,%2+1",
"blacklisted_cars":"-1"},

{"name":"endin",
"stage":"INTERIOR",
"mirror":true,
"skip_rendering_if_too_far":true,
"door_offset":"NONE",
"render_condition":"ALL",
"positions":[[0,160.0]],
"whitelisted_cars":"%2,%2+1",
"blacklisted_cars":"-1"},





{"name":"rightleftdoorin",
"stage":"INTERIOR",
"mirror":false,
"skip_rendering_if_too_far":false,
"door_offset":"RIGHT_NEGATIVE",
"render_condition":"ALL",
"positions":[[0.0,0.0]],
"whitelisted_cars":"",
"blacklisted_cars":""},

{"name":"rightrightdoorin",
"stage":"INTERIOR",
"mirror":false,
"skip_rendering_if_too_far":false,
"door_offset":"RIGHT_POSITIVE",
"render_condition":"ALL",
"positions":[[0.0,0.0]],
"whitelisted_cars":"",
"blacklisted_cars":""},

{"name":"rightleftdoorout",
"stage":"EXTERIOR",
"mirror":false,
"skip_rendering_if_too_far":false,
"door_offset":"RIGHT_NEGATIVE",
"render_condition":"ALL",
"positions":[[0.0,0.0]],
"whitelisted_cars":"",
"blacklisted_cars":""},

{"name":"rightrightdoorout",
"stage":"EXTERIOR",
"mirror":false,
"skip_rendering_if_too_far":false,
"door_offset":"RIGHT_POSITIVE",
"render_condition":"ALL",
"positions":[[0.0,0.0]],
"whitelisted_cars":"",
"blacklisted_cars":""},





{"name":"doorout",
"stage":"EXTERIOR",
"mirror":false,
"skip_rendering_if_too_far":false,
"door_offset":"NONE",
"render_condition":"ALL",
"positions":[[0,0]],
"whitelisted_cars":"",
"blacklisted_cars":""},


{"name":"doorin",
"stage":"INTERIOR",
"mirror":false,
"skip_rendering_if_too_far":true,
"door_offset":"NONE",
"render_condition":"ALL",
"positions":[[0.0,0.0]],
"whitelisted_cars":"",
"blacklisted_cars":""},

{"name":"light",
"stage":"LIGHTS",
"mirror":false,
"skip_rendering_if_too_far":false,
"door_offset":"NONE",
"render_condition":"ALL",
"positions":[[0.0,0.0]],
"whitelisted_cars":"",
"blacklisted_cars":""},

{"name":"displaydown",
"stage":"INTERIOR",
"mirror":false,
"skip_rendering_if_too_far":true,
"door_offset":"NONE",
"render_condition":"ALL",
"positions":[[0.0,0.0]],
"whitelisted_cars":"",
"blacklisted_cars":"",
"display":{"x_padding":0,
"y_padding":0,
"cjk_size_ratio":0,
"type":"NEXT_STATION_MTR",
"color_cjk":"FF9900",
"color":"FFFFFF",
"should_scroll":true,
"force_upper_case":false,
"force_single_line":true}},

{"name":"displayup",
"stage":"INTERIOR",
"mirror":false,
"skip_rendering_if_too_far":true,
"door_offset":"NONE",
"render_condition":"ALL",
"positions":[[0.0,0.0]],
"whitelisted_cars":"",
"blacklisted_cars":""},





{"name":"rightleftdoorin",
"stage":"INTERIOR",
"mirror":false,
"skip_rendering_if_too_far":false,
"door_offset":"RIGHT_NEGATIVE",
"render_condition":"ALL",
"positions":[[0.0,-160.0]],
"whitelisted_cars":"",
"blacklisted_cars":""},

{"name":"rightrightdoorin",
"stage":"INTERIOR",
"mirror":false,
"skip_rendering_if_too_far":false,
"door_offset":"RIGHT_POSITIVE",
"render_condition":"ALL",
"positions":[[0.0,-160.0]],
"whitelisted_cars":"",
"blacklisted_cars":""},

{"name":"rightleftdoorout",
"stage":"EXTERIOR",
"mirror":false,
"skip_rendering_if_too_far":false,
"door_offset":"RIGHT_NEGATIVE",
"render_condition":"ALL",
"positions":[[0.0,-160.0]],
"whitelisted_cars":"",
"blacklisted_cars":""},

{"name":"rightrightdoorout",
"stage":"EXTERIOR",
"mirror":false,
"skip_rendering_if_too_far":false,
"door_offset":"RIGHT_POSITIVE",
"render_condition":"ALL",
"positions":[[0.0,-160.0]],
"whitelisted_cars":"",
"blacklisted_cars":""},





{"name":"rightleftdoorin",
"stage":"INTERIOR",
"mirror":false,
"skip_rendering_if_too_far":false,
"door_offset":"RIGHT_NEGATIVE",
"render_condition":"ALL",
"positions":[[0.0,160.0]],
"whitelisted_cars":"",
"blacklisted_cars":""},

{"name":"rightrightdoorin",
"stage":"INTERIOR",
"mirror":false,
"skip_rendering_if_too_far":false,
"door_offset":"RIGHT_POSITIVE",
"render_condition":"ALL",
"positions":[[0.0,160.0]],
"whitelisted_cars":"",
"blacklisted_cars":""},

{"name":"rightleftdoorout",
"stage":"EXTERIOR",
"mirror":false,
"skip_rendering_if_too_far":false,
"door_offset":"RIGHT_NEGATIVE",
"render_condition":"ALL",
"positions":[[0.0,160.0]],
"whitelisted_cars":"",
"blacklisted_cars":""},

{"name":"rightrightdoorout",
"stage":"EXTERIOR",
"mirror":false,
"skip_rendering_if_too_far":false,
"door_offset":"RIGHT_POSITIVE",
"render_condition":"ALL",
"positions":[[0.0,160.0]],
"whitelisted_cars":"",
"blacklisted_cars":""},





{"name":"doorout",
"stage":"EXTERIOR",
"mirror":false,
"skip_rendering_if_too_far":false,
"door_offset":"NONE",
"render_condition":"ALL",
"positions":[[0,160]],
"whitelisted_cars":"",
"blacklisted_cars":""},


{"name":"doorin",
"stage":"INTERIOR",
"mirror":false,
"skip_rendering_if_too_far":true,
"door_offset":"NONE",
"render_condition":"ALL",
"positions":[[0.0,160.0]],
"whitelisted_cars":"",
"blacklisted_cars":""},

{"name":"bogie",
"stage":"INTERIOR",
"mirror":false,
"skip_rendering_if_too_far":true,
"door_offset":"NONE",
"render_condition":"ALL",
"positions":[[0.0,160.0]],
"whitelisted_cars":"",
"blacklisted_cars":""},

{"name":"light",
"stage":"LIGHTS",
"mirror":false,
"skip_rendering_if_too_far":false,
"door_offset":"NONE",
"render_condition":"ALL",
"positions":[[0.0,160.0]],
"whitelisted_cars":"",
"blacklisted_cars":""},

{"name":"displaydown",
"stage":"INTERIOR",
"mirror":false,
"skip_rendering_if_too_far":true,
"door_offset":"NONE",
"render_condition":"ALL",
"positions":[[0.0,160.0]],
"whitelisted_cars":"",
"blacklisted_cars":"",
"display":{"x_padding":0,
"y_padding":0,
"cjk_size_ratio":0,
"type":"NEXT_STATION_MTR",
"color_cjk":"FF9900",
"color":"FFFFFF",
"should_scroll":true,
"force_upper_case":false,
"force_single_line":true}},

{"name":"displayup",
"stage":"INTERIOR",
"mirror":false,
"skip_rendering_if_too_far":true,
"door_offset":"NONE",
"render_condition":"ALL",
"positions":[[0.0,160.0]],
"whitelisted_cars":"",
"blacklisted_cars":""},





{"name":"rightleftdoorin",
"stage":"INTERIOR",
"mirror":false,
"skip_rendering_if_too_far":false,
"door_offset":"RIGHT_NEGATIVE",
"render_condition":"ALL",
"positions":[[0.0,80.0]],
"whitelisted_cars":"",
"blacklisted_cars":""},

{"name":"rightrightdoorin",
"stage":"INTERIOR",
"mirror":false,
"skip_rendering_if_too_far":false,
"door_offset":"RIGHT_POSITIVE",
"render_condition":"ALL",
"positions":[[0.0,80.0]],
"whitelisted_cars":"",
"blacklisted_cars":""},

{"name":"rightleftdoorout",
"stage":"EXTERIOR",
"mirror":false,
"skip_rendering_if_too_far":false,
"door_offset":"RIGHT_NEGATIVE",
"render_condition":"ALL",
"positions":[[0.0,80.0]],
"whitelisted_cars":"",
"blacklisted_cars":""},

{"name":"rightrightdoorout",
"stage":"EXTERIOR",
"mirror":false,
"skip_rendering_if_too_far":false,
"door_offset":"RIGHT_POSITIVE",
"render_condition":"ALL",
"positions":[[0.0,80.0]],
"whitelisted_cars":"",
"blacklisted_cars":""},





{"name":"doorout",
"stage":"EXTERIOR",
"mirror":false,
"skip_rendering_if_too_far":false,
"door_offset":"NONE",
"render_condition":"ALL",
"positions":[[0,80]],
"whitelisted_cars":"",
"blacklisted_cars":""},


{"name":"doorin",
"stage":"INTERIOR",
"mirror":false,
"skip_rendering_if_too_far":true,
"door_offset":"NONE",
"render_condition":"ALL",
"positions":[[0.0,80.0]],
"whitelisted_cars":"",
"blacklisted_cars":""},

{"name":"light",
"stage":"LIGHTS",
"mirror":false,
"skip_rendering_if_too_far":false,
"door_offset":"NONE",
"render_condition":"ALL",
"positions":[[0.0,80.0]],
"whitelisted_cars":"",
"blacklisted_cars":""},

{"name":"displaydown",
"stage":"INTERIOR",
"mirror":false,
"skip_rendering_if_too_far":true,
"door_offset":"NONE",
"render_condition":"ALL",
"positions":[[0.0,80.0]],
"whitelisted_cars":"",
"blacklisted_cars":"",
"display":{"x_padding":0,
"y_padding":0,
"cjk_size_ratio":0,
"type":"NEXT_STATION_MTR",
"color_cjk":"FF9900",
"color":"FFFFFF",
"should_scroll":true,
"force_upper_case":false,
"force_single_line":true}},

{"name":"displayup",
"stage":"INTERIOR",
"mirror":false,
"skip_rendering_if_too_far":true,
"door_offset":"NONE",
"render_condition":"ALL",
"positions":[[0.0,80.0]],
"whitelisted_cars":"",
"blacklisted_cars":""},




{"name":"rightleftdoorin",
"stage":"INTERIOR",
"mirror":false,
"skip_rendering_if_too_far":false,
"door_offset":"RIGHT_NEGATIVE",
"render_condition":"ALL",
"positions":[[0.0,-80.0]],
"whitelisted_cars":"",
"blacklisted_cars":""},

{"name":"rightrightdoorin",
"stage":"INTERIOR",
"mirror":false,
"skip_rendering_if_too_far":false,
"door_offset":"RIGHT_POSITIVE",
"render_condition":"ALL",
"positions":[[0.0,-80.0]],
"whitelisted_cars":"",
"blacklisted_cars":""},

{"name":"rightleftdoorout",
"stage":"EXTERIOR",
"mirror":false,
"skip_rendering_if_too_far":false,
"door_offset":"RIGHT_NEGATIVE",
"render_condition":"ALL",
"positions":[[0.0,-80.0]],
"whitelisted_cars":"",
"blacklisted_cars":""},

{"name":"rightrightdoorout",
"stage":"EXTERIOR",
"mirror":false,
"skip_rendering_if_too_far":false,
"door_offset":"RIGHT_POSITIVE",
"render_condition":"ALL",
"positions":[[0.0,-80.0]],
"whitelisted_cars":"",
"blacklisted_cars":""},





{"name":"doorout",
"stage":"EXTERIOR",
"mirror":false,
"skip_rendering_if_too_far":false,
"door_offset":"NONE",
"render_condition":"ALL",
"positions":[[0,-80]],
"whitelisted_cars":"",
"blacklisted_cars":""},


{"name":"doorin",
"stage":"INTERIOR",
"mirror":false,
"skip_rendering_if_too_far":true,
"door_offset":"NONE",
"render_condition":"ALL",
"positions":[[0.0,-80.0]],
"whitelisted_cars":"",
"blacklisted_cars":""},

{"name":"light",
"stage":"LIGHTS",
"mirror":false,
"skip_rendering_if_too_far":false,
"door_offset":"NONE",
"render_condition":"ALL",
"positions":[[0.0,-80.0]],
"whitelisted_cars":"",
"blacklisted_cars":""},

{"name":"displaydown",
"stage":"INTERIOR",
"mirror":false,
"skip_rendering_if_too_far":true,
"door_offset":"NONE",
"render_condition":"ALL",
"positions":[[0.0,-80.0]],
"whitelisted_cars":"",
"blacklisted_cars":"",
"display":{"x_padding":0,
"y_padding":0,
"cjk_size_ratio":0,
"type":"NEXT_STATION_MTR",
"color_cjk":"FF9900",
"color":"FFFFFF",
"should_scroll":true,
"force_upper_case":false,
"force_single_line":true}},

{"name":"displayup",
"stage":"INTERIOR",
"mirror":false,
"skip_rendering_if_too_far":true,
"door_offset":"NONE",
"render_condition":"ALL",
"positions":[[0.0,-80.0]],
"whitelisted_cars":"",
"blacklisted_cars":""},




{"name":"rightleftdoorin",
"stage":"INTERIOR",
"mirror":true,
"skip_rendering_if_too_far":false,
"door_offset":"LEFT_NEGATIVE",
"render_condition":"ALL",
"positions":[[0.0,80.0]],
"whitelisted_cars":"",
"blacklisted_cars":""},

{"name":"rightrightdoorin",
"stage":"INTERIOR",
"mirror":true,
"skip_rendering_if_too_far":false,
"door_offset":"LEFT_POSITIVE",
"render_condition":"ALL",
"positions":[[0.0,80.0]],
"whitelisted_cars":"",
"blacklisted_cars":""},

{"name":"rightleftdoorout",
"stage":"EXTERIOR",
"mirror":true,
"skip_rendering_if_too_far":false,
"door_offset":"LEFT_NEGATIVE",
"render_condition":"ALL",
"positions":[[0.0,80.0]],
"whitelisted_cars":"",
"blacklisted_cars":""},

{"name":"rightrightdoorout",
"stage":"EXTERIOR",
"mirror":true,
"skip_rendering_if_too_far":false,
"door_offset":"LEFT_POSITIVE",
"render_condition":"ALL",
"positions":[[0.0,80.0]],
"whitelisted_cars":"",
"blacklisted_cars":""},





{"name":"doorout",
"stage":"EXTERIOR",
"mirror":true,
"skip_rendering_if_too_far":false,
"door_offset":"NONE",
"render_condition":"ALL",
"positions":[[0,80]],
"whitelisted_cars":"",
"blacklisted_cars":""},


{"name":"doorin",
"stage":"INTERIOR",
"mirror":true,
"skip_rendering_if_too_far":true,
"door_offset":"NONE",
"render_condition":"ALL",
"positions":[[0.0,80.0]],
"whitelisted_cars":"",
"blacklisted_cars":""},

{"name":"light",
"stage":"LIGHTS",
"mirror":true,
"skip_rendering_if_too_far":false,
"door_offset":"NONE",
"render_condition":"ALL",
"positions":[[0.0,80.0]],
"whitelisted_cars":"",
"blacklisted_cars":""},

{"name":"displaydown",
"stage":"INTERIOR",
"mirror":true,
"skip_rendering_if_too_far":true,
"door_offset":"NONE",
"render_condition":"ALL",
"positions":[[0.0,80.0]],
"whitelisted_cars":"",
"blacklisted_cars":"",
"display":{"x_padding":0,
"y_padding":0,
"cjk_size_ratio":0,
"type":"NEXT_STATION_MTR",
"color_cjk":"FF9900",
"color":"FFFFFF",
"should_scroll":true,
"force_upper_case":false,
"force_single_line":true}},

{"name":"displayup",
"stage":"INTERIOR",
"mirror":true,
"skip_rendering_if_too_far":true,
"door_offset":"NONE",
"render_condition":"ALL",
"positions":[[0.0,80.0]],
"whitelisted_cars":"",
"blacklisted_cars":""},




{"name":"rightleftdoorin",
"stage":"INTERIOR",
"mirror":true,
"skip_rendering_if_too_far":false,
"door_offset":"LEFT_NEGATIVE",
"render_condition":"ALL",
"positions":[[0.0,-80.0]],
"whitelisted_cars":"",
"blacklisted_cars":""},

{"name":"rightrightdoorin",
"stage":"INTERIOR",
"mirror":true,
"skip_rendering_if_too_far":false,
"door_offset":"LEFT_POSITIVE",
"render_condition":"ALL",
"positions":[[0.0,-80.0]],
"whitelisted_cars":"",
"blacklisted_cars":""},

{"name":"rightleftdoorout",
"stage":"EXTERIOR",
"mirror":true,
"skip_rendering_if_too_far":false,
"door_offset":"LEFT_NEGATIVE",
"render_condition":"ALL",
"positions":[[0.0,-80.0]],
"whitelisted_cars":"",
"blacklisted_cars":""},

{"name":"rightrightdoorout",
"stage":"EXTERIOR",
"mirror":true,
"skip_rendering_if_too_far":false,
"door_offset":"LEFT_POSITIVE",
"render_condition":"ALL",
"positions":[[0.0,-80.0]],
"whitelisted_cars":"",
"blacklisted_cars":""},





{"name":"doorout",
"stage":"EXTERIOR",
"mirror":true,
"skip_rendering_if_too_far":false,
"door_offset":"NONE",
"render_condition":"ALL",
"positions":[[0,-80]],
"whitelisted_cars":"",
"blacklisted_cars":""},


{"name":"doorin",
"stage":"INTERIOR",
"mirror":true,
"skip_rendering_if_too_far":true,
"door_offset":"NONE",
"render_condition":"ALL",
"positions":[[0.0,-80.0]],
"whitelisted_cars":"",
"blacklisted_cars":""},

{"name":"light",
"stage":"LIGHTS",
"mirror":true,
"skip_rendering_if_too_far":false,
"door_offset":"NONE",
"render_condition":"ALL",
"positions":[[0.0,-80.0]],
"whitelisted_cars":"",
"blacklisted_cars":""},

{"name":"displaydown",
"stage":"INTERIOR",
"mirror":true,
"skip_rendering_if_too_far":true,
"door_offset":"NONE",
"render_condition":"ALL",
"positions":[[0.0,-80.0]],
"whitelisted_cars":"",
"blacklisted_cars":"",
"display":{"x_padding":0,
"y_padding":0,
"cjk_size_ratio":0,
"type":"NEXT_STATION_MTR",
"color_cjk":"FF9900",
"color":"FFFFFF",
"should_scroll":true,
"force_upper_case":false,
"force_single_line":true}},

{"name":"displayup",
"stage":"INTERIOR",
"mirror":true,
"skip_rendering_if_too_far":true,
"door_offset":"NONE",
"render_condition":"ALL",
"positions":[[0.0,-80.0]],
"whitelisted_cars":"",
"blacklisted_cars":""},




{"name":"doorout",
"stage":"EXTERIOR",
"mirror":false,
"skip_rendering_if_too_far":false,
"door_offset":"NONE",
"render_condition":"ALL",
"positions":[[0,-160]],
"whitelisted_cars":"",
"blacklisted_cars":""},


{"name":"doorin",
"stage":"INTERIOR",
"mirror":false,
"skip_rendering_if_too_far":true,
"door_offset":"NONE",
"render_condition":"ALL",
"positions":[[0.0,-160.0]],
"whitelisted_cars":"",
"blacklisted_cars":""},

{"name":"bogie",
"stage":"INTERIOR",
"mirror":false,
"skip_rendering_if_too_far":true,
"door_offset":"NONE",
"render_condition":"ALL",
"positions":[[0.0,-160.0]],
"whitelisted_cars":"",
"blacklisted_cars":""},

{"name":"light",
"stage":"LIGHTS",
"mirror":false,
"skip_rendering_if_too_far":false,
"door_offset":"NONE",
"render_condition":"ALL",
"positions":[[0.0,-160.0]],
"whitelisted_cars":"",
"blacklisted_cars":""},

{"name":"displaydown",
"stage":"INTERIOR",
"mirror":false,
"skip_rendering_if_too_far":true,
"door_offset":"NONE",
"render_condition":"ALL",
"positions":[[0.0,-160.0]],
"whitelisted_cars":"",
"blacklisted_cars":"",
"display":{"x_padding":0,
"y_padding":0,
"cjk_size_ratio":0,
"type":"NEXT_STATION_MTR",
"color_cjk":"FF9900",
"color":"FFFFFF",
"should_scroll":true,
"force_upper_case":false,
"force_single_line":true}},

{"name":"displayup",
"stage":"INTERIOR",
"mirror":false,
"skip_rendering_if_too_far":true,
"door_offset":"NONE",
"render_condition":"ALL",
"positions":[[0.0,-160.0]],
"whitelisted_cars":"",
"blacklisted_cars":""},





{"name":"rightleftdoorin",
"stage":"INTERIOR",
"mirror":true,
"skip_rendering_if_too_far":false,
"door_offset":"LEFT_NEGATIVE",
"render_condition":"ALL",
"positions":[[0.0,0.0]],
"whitelisted_cars":"",
"blacklisted_cars":""},

{"name":"rightrightdoorin",
"stage":"INTERIOR",
"mirror":true,
"skip_rendering_if_too_far":false,
"door_offset":"LEFT_POSITIVE",
"render_condition":"ALL",
"positions":[[0.0,0.0]],
"whitelisted_cars":"",
"blacklisted_cars":""},

{"name":"rightleftdoorout",
"stage":"EXTERIOR",
"mirror":true,
"skip_rendering_if_too_far":false,
"door_offset":"LEFT_NEGATIVE",
"render_condition":"ALL",
"positions":[[0.0,0.0]],
"whitelisted_cars":"",
"blacklisted_cars":""},

{"name":"rightrightdoorout",
"stage":"EXTERIOR",
"mirror":true,
"skip_rendering_if_too_far":false,
"door_offset":"LEFT_POSITIVE",
"render_condition":"ALL",
"positions":[[0.0,0.0]],
"whitelisted_cars":"",
"blacklisted_cars":""},





{"name":"doorout",
"stage":"EXTERIOR",
"mirror":true,
"skip_rendering_if_too_far":false,
"door_offset":"NONE",
"render_condition":"ALL",
"positions":[[0,0]],
"whitelisted_cars":"",
"blacklisted_cars":""},


{"name":"doorin",
"stage":"INTERIOR",
"mirror":true,
"skip_rendering_if_too_far":true,
"door_offset":"NONE",
"render_condition":"ALL",
"positions":[[0.0,0.0]],
"whitelisted_cars":"",
"blacklisted_cars":""},

{"name":"light",
"stage":"LIGHTS",
"mirror":true,
"skip_rendering_if_too_far":false,
"door_offset":"NONE",
"render_condition":"ALL",
"positions":[[0.0,0.0]],
"whitelisted_cars":"",
"blacklisted_cars":""},

{"name":"displaydown",
"stage":"INTERIOR",
"mirror":true,
"skip_rendering_if_too_far":true,
"door_offset":"NONE",
"render_condition":"ALL",
"positions":[[0.0,0.0]],
"whitelisted_cars":"",
"blacklisted_cars":"",
"display":{"x_padding":0,
"y_padding":0,
"cjk_size_ratio":0,
"type":"NEXT_STATION_MTR",
"color_cjk":"FF9900",
"color":"FFFFFF",
"should_scroll":true,
"force_upper_case":false,
"force_single_line":true}},

{"name":"displayup",
"stage":"INTERIOR",
"mirror":true,
"skip_rendering_if_too_far":true,
"door_offset":"NONE",
"render_condition":"ALL",
"positions":[[0.0,0.0]],
"whitelisted_cars":"",
"blacklisted_cars":""},





{"name":"rightleftdoorin",
"stage":"INTERIOR",
"mirror":true,
"skip_rendering_if_too_far":false,
"door_offset":"LEFT_NEGATIVE",
"render_condition":"ALL",
"positions":[[0.0,-160.0]],
"whitelisted_cars":"",
"blacklisted_cars":""},

{"name":"rightrightdoorin",
"stage":"INTERIOR",
"mirror":true,
"skip_rendering_if_too_far":false,
"door_offset":"LEFT_POSITIVE",
"render_condition":"ALL",
"positions":[[0.0,-160.0]],
"whitelisted_cars":"",
"blacklisted_cars":""},

{"name":"rightleftdoorout",
"stage":"EXTERIOR",
"mirror":true,
"skip_rendering_if_too_far":false,
"door_offset":"LEFT_NEGATIVE",
"render_condition":"ALL",
"positions":[[0.0,-160.0]],
"whitelisted_cars":"",
"blacklisted_cars":""},

{"name":"rightrightdoorout",
"stage":"EXTERIOR",
"mirror":true,
"skip_rendering_if_too_far":false,
"door_offset":"LEFT_POSITIVE",
"render_condition":"ALL",
"positions":[[0.0,-160.0]],
"whitelisted_cars":"",
"blacklisted_cars":""},





{"name":"rightleftdoorin",
"stage":"INTERIOR",
"mirror":true,
"skip_rendering_if_too_far":false,
"door_offset":"LEFT_NEGATIVE",
"render_condition":"ALL",
"positions":[[0.0,160.0]],
"whitelisted_cars":"",
"blacklisted_cars":""},

{"name":"rightrightdoorin",
"stage":"INTERIOR",
"mirror":true,
"skip_rendering_if_too_far":false,
"door_offset":"LEFT_POSITIVE",
"render_condition":"ALL",
"positions":[[0.0,160.0]],
"whitelisted_cars":"",
"blacklisted_cars":""},

{"name":"rightleftdoorout",
"stage":"EXTERIOR",
"mirror":true,
"skip_rendering_if_too_far":false,
"door_offset":"LEFT_NEGATIVE",
"render_condition":"ALL",
"positions":[[0.0,160.0]],
"whitelisted_cars":"",
"blacklisted_cars":""},

{"name":"rightrightdoorout",
"stage":"EXTERIOR",
"mirror":true,
"skip_rendering_if_too_far":false,
"door_offset":"LEFT_POSITIVE",
"render_condition":"ALL",
"positions":[[0.0,160.0]],
"whitelisted_cars":"",
"blacklisted_cars":""},





{"name":"doorout",
"stage":"EXTERIOR",
"mirror":true,
"skip_rendering_if_too_far":false,
"door_offset":"NONE",
"render_condition":"ALL",
"positions":[[0,160]],
"whitelisted_cars":"",
"blacklisted_cars":""},


{"name":"doorin",
"stage":"INTERIOR",
"mirror":true,
"skip_rendering_if_too_far":true,
"door_offset":"NONE",
"render_condition":"ALL",
"positions":[[0.0,160.0]],
"whitelisted_cars":"",
"blacklisted_cars":""},

{"name":"bogie",
"stage":"INTERIOR",
"mirror":true,
"skip_rendering_if_too_far":true,
"door_offset":"NONE",
"render_condition":"ALL",
"positions":[[0.0,160.0]],
"whitelisted_cars":"",
"blacklisted_cars":""},

{"name":"light",
"stage":"LIGHTS",
"mirror":true,
"skip_rendering_if_too_far":false,
"door_offset":"NONE",
"render_condition":"ALL",
"positions":[[0.0,160.0]],
"whitelisted_cars":"",
"blacklisted_cars":""},

{"name":"displaydown",
"stage":"INTERIOR",
"mirror":true,
"skip_rendering_if_too_far":true,
"door_offset":"NONE",
"render_condition":"ALL",
"positions":[[0.0,160.0]],
"whitelisted_cars":"",
"blacklisted_cars":"",
"display":{"x_padding":0,
"y_padding":0,
"cjk_size_ratio":0,
"type":"NEXT_STATION_MTR",
"color_cjk":"FF9900",
"color":"FFFFFF",
"should_scroll":true,
"force_upper_case":false,
"force_single_line":true}},

{"name":"displayup",
"stage":"INTERIOR",
"mirror":true,
"skip_rendering_if_too_far":true,
"door_offset":"NONE",
"render_condition":"ALL",
"positions":[[0.0,160.0]],
"whitelisted_cars":"",
"blacklisted_cars":""},





{"name":"doorout",
"stage":"EXTERIOR",
"mirror":true,
"skip_rendering_if_too_far":false,
"door_offset":"NONE",
"render_condition":"ALL",
"positions":[[0,-160]],
"whitelisted_cars":"",
"blacklisted_cars":""},


{"name":"doorin",
"stage":"INTERIOR",
"mirror":true,
"skip_rendering_if_too_far":true,
"door_offset":"NONE",
"render_condition":"ALL",
"positions":[[0.0,-160.0]],
"whitelisted_cars":"",
"blacklisted_cars":""},

{"name":"bogie",
"stage":"INTERIOR",
"mirror":true,
"skip_rendering_if_too_far":true,
"door_offset":"NONE",
"render_condition":"ALL",
"positions":[[0.0,-160.0]],
"whitelisted_cars":"",
"blacklisted_cars":""},

{"name":"light",
"stage":"LIGHTS",
"mirror":true,
"skip_rendering_if_too_far":false,
"door_offset":"NONE",
"render_condition":"ALL",
"positions":[[0.0,-160.0]],
"whitelisted_cars":"",
"blacklisted_cars":""},

{"name":"displaydown",
"stage":"INTERIOR",
"mirror":true,
"skip_rendering_if_too_far":true,
"door_offset":"NONE",
"render_condition":"ALL",
"positions":[[0.0,-160.0]],
"whitelisted_cars":"",
"blacklisted_cars":"",
"display":{"x_padding":0,
"y_padding":0,
"cjk_size_ratio":0,
"type":"NEXT_STATION_MTR",
"color_cjk":"FF9900",
"color":"FFFFFF",
"should_scroll":true,
"force_upper_case":false,
"force_single_line":true}},

{"name":"displayup",
"stage":"INTERIOR",
"mirror":true,
"skip_rendering_if_too_far":true,
"door_offset":"NONE",
"render_condition":"ALL",
"positions":[[0.0,-160.0]],
"whitelisted_cars":"",
"blacklisted_cars":""},





{"name":"smallwindowsout",
"stage":"EXTERIOR",
"mirror":false,
"skip_rendering_if_too_far":false,
"door_offset":"NONE",
"render_condition":"ALL",
"positions":[[0,0]],
"whitelisted_cars":"",
"blacklisted_cars":""},

{"name":"smallwindowsin",
"stage":"INTERIOR",
"mirror":false,
"skip_rendering_if_too_far":true,
"door_offset":"NONE",
"render_condition":"ALL",
"positions":[[0,0,0.0]],
"whitelisted_cars":"",
"blacklisted_cars":""},

{"name":"windowslight",
"stage":"LIGHTS",
"mirror":false,
"skip_rendering_if_too_far":false,
"door_offset":"NONE",
"render_condition":"ALL",
"positions":[[0,0,0.0]],
"whitelisted_cars":"",
"blacklisted_cars":""},

{"name":"smallwindowsout",
"stage":"EXTERIOR",
"mirror":false,
"skip_rendering_if_too_far":false,
"door_offset":"NONE",
"render_condition":"ALL",
"positions":[[0,-160]],
"whitelisted_cars":"",
"blacklisted_cars":""},

{"name":"smallwindowsin",
"stage":"INTERIOR",
"mirror":false,
"skip_rendering_if_too_far":true,
"door_offset":"NONE",
"render_condition":"ALL",
"positions":[[0.0,-160.0]],
"whitelisted_cars":"",
"blacklisted_cars":""},

{"name":"windowslight",
"stage":"LIGHTS",
"mirror":false,
"skip_rendering_if_too_far":false,
"door_offset":"NONE",
"render_condition":"ALL",
"positions":[[0.0,-160.0]],
"whitelisted_cars":"",
"blacklisted_cars":""},

{"name":"smallwindowsout",
"stage":"EXTERIOR",
"mirror":true,
"skip_rendering_if_too_far":false,
"door_offset":"NONE",
"render_condition":"ALL",
"positions":[[0,0]],
"whitelisted_cars":"",
"blacklisted_cars":""},

{"name":"smallwindowsin",
"stage":"INTERIOR",
"mirror":true,
"skip_rendering_if_too_far":true,
"door_offset":"NONE",
"render_condition":"ALL",
"positions":[[0,0,0.0]],
"whitelisted_cars":"",
"blacklisted_cars":""},

{"name":"windowslight",
"stage":"LIGHTS",
"mirror":true,
"skip_rendering_if_too_far":false,
"door_offset":"NONE",
"render_condition":"ALL",
"positions":[[0,0,0.0]],
"whitelisted_cars":"",
"blacklisted_cars":""},

{"name":"smallwindowsout",
"stage":"EXTERIOR",
"mirror":true,
"skip_rendering_if_too_far":false,
"door_offset":"NONE",
"render_condition":"ALL",
"positions":[[0,160]],
"whitelisted_cars":"",
"blacklisted_cars":""},

{"name":"smallwindowsin",
"stage":"INTERIOR",
"mirror":true,
"skip_rendering_if_too_far":true,
"door_offset":"NONE",
"render_condition":"ALL",
"positions":[[0.0,160.0]],
"whitelisted_cars":"",
"blacklisted_cars":""},

{"name":"windowslight",
"stage":"LIGHTS",
"mirror":true,
"skip_rendering_if_too_far":false,
"door_offset":"NONE",
"render_condition":"ALL",
"positions":[[0.0,160.0]],
"whitelisted_cars":"",
"blacklisted_cars":""}


]
}