{"custom_trains":
    {
        "bmjr_b_local":
            {"name":"BMJR [B] local",
                "description":"BMJR train",
                "wikipedia_article":"",
                "color":"FFFF00",
                "gangway_connection_id":"mtr:textures/entity/k_train",
                "train_barrier_id":"",
                "door_animation_type":"MLR",
                "render_door_overlay":false,
                "rider_offset":0.0,
                "texture_id":"mtr:bmjr/b/local/bmjr_b_photo",
                "model":"mtr:bmjr/b/local/bmjr_b.bbmodel",
                "model_properties":"mtr:bmjr/b/local/bmjr_b.json",
                "speed_sound_count": 80,
                "door_sound_base_id": "bmjr",
                "speed_sound_base_id": "a_train"
            },
        "bmlr_local":
            {"name":"BMLR train",
                "description":"BMLR train",
                "wikipedia_article":"",
                "color":"FFFFFF",
                "gangway_connection_id":"mtr:textures/entity/k_train",
                "train_barrier_id":"",
                "door_animation_type":"MLR",
                "render_door_overlay":false,
                "rider_offset":0.0,
                "texture_id":"mtr:bmlr/local/bmlr_photo",
                "model":"mtr:bmlr/local/bmlr.bbmodel",
                "model_properties":"mtr:bmlr/local/bmlr.json",
                "speed_sound_count": 80,
                "door_sound_base_id": "bmlr",
                "speed_sound_base_id": "k_train"
            },
        "bmlr_premium":
            {"name":"BMLR train",
                "description":"BMLR train(PR):)",
                "wikipedia_article":"",
                "color":"FFFFFF",
                "gangway_connection_id":"mtr:textures/entity/k_train",
                "train_barrier_id":"",
                "door_animation_type":"MLR",
                "render_door_overlay":false,
                "rider_offset":0.0,
                "texture_id":"mtr:bmlr/premium/bmlr_photo",
                "model":"mtr:bmlr/premium/bmlr.bbmodel",
                "model_properties":"mtr:bmlr/premium/bmlr.json",
                "speed_sound_count": 80,
                "door_sound_base_id": "bmlr",
                "speed_sound_base_id": "k_train"
            },
        "citybus_old":
            {"name":"old_citybus",
                "description":"old citybus",
                "wikipedia_article":"",
                "color":"3BFF00",
                "gangway_connection_id":"",
                "train_barrier_id":"",
                "door_animation_type":"PLUG_FAST",
                "render_door_overlay":false,
                "rider_offset":-0.5,
                "texture_id":"mtr:bus/citybus_old/citybus_old",
                "model":"mtr:bus/citybus_old/citybus_old.bbmodel",
                "model_properties":"mtr:bus/citybus_old/citybus_old.json",
                "speed_sound_count": 51,
                "door_sound_base_id": "old_citybus",
                "speed_sound_base_id": "old_citybus"
            },
        "citybus_new":
            {"name":"new_citybus",
                "description":"new citybus",
                "wikipedia_article":"",
                "color":"3BFF00",
                "gangway_connection_id":"",
                "train_barrier_id":"",
                "door_animation_type":"PLUG_FAST",
                "render_door_overlay":false,
                "rider_offset":-0.5,
                "texture_id":"mtr:bus/citybus_new/citybus_new",
                "model":"mtr:bus/citybus_new/citybus_new.bbmodel",
                "model_properties":"mtr:bus/citybus_new/citybus_new.json",
                "speed_sound_count": 51,
                "door_sound_base_id": "old_citybus",
                "speed_sound_base_id": "old_citybus"
            }
    }
    
}