{
	"pids_images": [
		{
			"id": "mcdonald_1",
			"showWeather": false,
			"showClock": true,
			"hideRow": [true, true, true, true],
			"customTextPushArrival": false,
			"background": "jsblock:textures/pids_screen/mcdonald/1.png",
			"fonts": "mtr:mtr",
			"color": "1a2a41"
		},
		{
			"id": "mcdonald_2",
			"showWeather": false,
			"showClock": true,
			"hideRow": [true, true, true, true],
			"customTextPushArrival": false,
			"background": "jsblock:textures/pids_screen/mcdonald/2.png",
			"fonts": "mtr:mtr",
			"color": "1a2a41"
		},
		{
			"id": "mcdonald_3",
			"showWeather": false,
			"showClock": false,
			"hideRow": [true, true, true, true],
			"customTextPushArrival": false,
			"background": "jsblock:textures/pids_screen/mcdonald/3.png",
			"fonts": "mtr:mtr",
			"color": "1a2a41"
		},
		{
			"id": "bus",
			"showWeather": false,
			"showClock": false,
			"hideRow": [false, false, false, true],
			"customTextPushArrival": false,
			"background": "jsblock:textures/pids_screen/mcdonald/3.png",
			"fonts": "mtr:mtr",
			"color": "ffff00"
		}
	]
}