{"transport_mode":"TRAIN","length":11,"width":2,"door_max":11,"parts":[{"name":"displayline","stage":"EXTERIOR","mirror":false,"skip_rendering_if_too_far":false,"door_offset":"NONE","render_condition":"ALL","positions":[[0.0,5.0]],"whitelisted_cars":"","blacklisted_cars":"","display":{"x_padding":0.0,"y_padding":0.05,"cjk_size_ratio":0.0,"type":"ROUTE_NUMBER","color_cjk":"FF9900","color":"FF9900","should_scroll":false,"force_upper_case":false,"force_single_line":true}},{"name":"displaylineside","stage":"EXTERIOR","mirror":false,"skip_rendering_if_too_far":false,"door_offset":"NONE","render_condition":"ALL","positions":[[0.0,0.0]],"whitelisted_cars":"","blacklisted_cars":"","display":{"x_padding":0,"y_padding":0.05,"cjk_size_ratio":0,"type":"ROUTE_NUMBER","color_cjk":"FF9900","color":"FF9900","should_scroll":false,"force_upper_case":false,"force_single_line":true}},{"name":"displayendstation","stage":"EXTERIOR","mirror":false,"skip_rendering_if_too_far":false,"door_offset":"NONE","render_condition":"ALL","positions":[[0.0,5.0]],"whitelisted_cars":"","blacklisted_cars":"","display":{"x_padding":0.0,"y_padding":0.05,"cjk_size_ratio":0,"type":"DESTINATION","color_cjk":"FF9900","color":"FF9900","should_scroll":false,"force_upper_case":false,"force_single_line":false}},{"name":"displaylineend","stage":"EXTERIOR","mirror":true,"skip_rendering_if_too_far":false,"door_offset":"NONE","render_condition":"ALL","positions":[[0.0,0.0]],"whitelisted_cars":"","blacklisted_cars":"","display":{"x_padding":0.0,"y_padding":0.05,"cjk_size_ratio":0.0,"type":"ROUTE_NUMBER","color_cjk":"FF9900","color":"FF9900","should_scroll":false,"force_upper_case":false,"force_single_line":true}},{"name":"frontdoor","stage":"EXTERIOR","mirror":true,"skip_rendering_if_too_far":false,"door_offset":"NONE","render_condition":"ALL","positions":[[0.0,0.0]],"whitelisted_cars":"","blacklisted_cars":""},{"name":"frontlight","stage":"LIGHTS","mirror":true,"skip_rendering_if_too_far":false,"door_offset":"NONE","render_condition":"ALL","positions":[[0.0,0.0]],"whitelisted_cars":"","blacklisted_cars":""},{"name":"doorlight_off","stage":"EXTERIOR","mirror":true,"skip_rendering_if_too_far":false,"door_offset":"NONE","render_condition":"DOORS_CLOSED","positions":[[0.0,0.0]],"whitelisted_cars":"","blacklisted_cars":""},{"name":"doorlight_on","stage":"LIGHTS","mirror":true,"skip_rendering_if_too_far":false,"door_offset":"NONE","render_condition":"DOORS_OPEN","positions":[[0.0,0.0]],"whitelisted_cars":"","blacklisted_cars":""},{"name":"lights","stage":"LIGHTS","mirror":true,"skip_rendering_if_too_far":false,"door_offset":"NONE","render_condition":"ALL","positions":[[0.0,0.0]],"whitelisted_cars":"","blacklisted_cars":""},{"name":"in","stage":"INTERIOR","mirror":false,"skip_rendering_if_too_far":false,"door_offset":"NONE","render_condition":"ALL","positions":[[0.0,0.0]],"whitelisted_cars":"","blacklisted_cars":""},{"name":"out","stage":"EXTERIOR","mirror":false,"skip_rendering_if_too_far":false,"door_offset":"NONE","render_condition":"ALL","positions":[[0.0,0.0]],"whitelisted_cars":"","blacklisted_cars":""},{"name":"backdoorleft","stage":"EXTERIOR","mirror":true,"skip_rendering_if_too_far":false,"door_offset":"LEFT_POSITIVE","render_condition":"ALL","positions":[[0.0,0.0]],"whitelisted_cars":"","blacklisted_cars":""},{"name":"backdoorright","stage":"EXTERIOR","mirror":true,"skip_rendering_if_too_far":false,"door_offset":"LEFT_NEGATIVE","render_condition":"ALL","positions":[[0.0,0.0]],"whitelisted_cars":"","blacklisted_cars":""}]}