{
    "BMLR_platform" : {
        "name": "BMLR_platform_right",
        "model": "mtrsteamloco:eyecandies/pids_sticker/5door.obj",
        "textureId": "mtrsteamloco:eyecandies/pids_sticker/sticker.png",
        "flipV": true,
        "translation": [ 0, 0, 0 ],
        "rotation": [ 0, 0, 0 ],
        "scale": [ 1, 1, 1 ],
        "mirror": [ false, false, false ]
    },
    "BMLR_platform_UV" : {
        "name": "BMLR_platform_left",
        "model": "mtrsteamloco:eyecandies/pids_sticker/5dooruv.obj",
        "textureId": "mtrsteamloco:eyecandies/pids_sticker/uvsticker.png",
        "flipV": true,
        "translation": [ 0, 0, 0 ],
        "rotation": [ 0, 0, 0 ],
        "scale": [ 1, 1, 1 ],
        "mirror": [ false, false, false ]
    },
    "BMLR_platform_1-4" : {
        "name": "BMLR_platform_right_1-4",
        "model": "mtrsteamloco:eyecandies/pids_sticker/5door1-4.obj",
        "textureId": "mtrsteamloco:eyecandies/pids_sticker/sticker.png",
        "flipV": true,
        "translation": [ 0, 0, 0 ],
        "rotation": [ 0, 0, 0 ],
        "scale": [ 1, 1, 1 ],
        "mirror": [ false, false, false ]
    },
    "BMLR_platform_5-8" : {
        "name": "BMLR_platform_right_5-8",
        "model": "mtrsteamloco:eyecandies/pids_sticker/5door5-8.obj",
        "textureId": "mtrsteamloco:eyecandies/pids_sticker/sticker.png",
        "flipV": true,
        "translation": [ 0, 0, 0 ],
        "rotation": [ 0, 0, 0 ],
        "scale": [ 1, 1, 1 ],
        "mirror": [ false, false, false ]
    },
    "BMLR_platform_UV_1-4" : {
        "name": "BMLR_platform_left_1-4",
        "model": "mtrsteamloco:eyecandies/pids_sticker/5dooruv1-4.obj",
        "textureId": "mtrsteamloco:eyecandies/pids_sticker/uvsticker.png",
        "flipV": true,
        "translation": [ 0, 0, 0 ],
        "rotation": [ 0, 0, 0 ],
        "scale": [ 1, 1, 1 ],
        "mirror": [ false, false, false ]
    },
    "BMLR_platform_UV_5-8" : {
        "name": "BMLR_platform_left_5-8",
        "model": "mtrsteamloco:eyecandies/pids_sticker/5dooruv5-8.obj",
        "textureId": "mtrsteamloco:eyecandies/pids_sticker/uvsticker.png",
        "flipV": true,
        "translation": [ 0, 0, 0 ],
        "rotation": [ 0, 0, 0 ],
        "scale": [ 1, 1, 1 ],
        "mirror": [ false, false, false ]
    }
}