{
	"polam_end": {
		"sounds": [
			{
				"name": "minecraft:polam_end"
			}
		]
	},
	"polam": {
		"sounds": [
			{
				"name": "minecraft:polam"
			}
		]
	},
	"hanghau": {
		"sounds": [
			{
				"name": "minecraft:hanghau"
			}
		]
	},
	"mind": {
		"sounds": [
			{
				"name": "minecraft:mind"
			}
		]
	},
	"los": {
		"sounds": [
			{
				"name": "minecraft:los"
			}
		]
	},
	"los_end": {
		"sounds": [
			{
				"name": "minecraft:los_end"
			}
		]
	},
	"tko": {
		"sounds": [
			{
				"name": "minecraft:tko"
			}
		]
	},
	"tko_po": {
		"sounds": [
			{
				"name": "minecraft:tko_po"
			}
		]
	},
	"tko_lo": {
		"sounds": [
			{
				"name": "minecraft:tko_lo"
			}
		]
	},
	"tik": {
		"sounds": [
			{
				"name": "minecraft:tik"
			}
		]
	},
	"tik_no": {
		"sounds": [
			{
				"name": "minecraft:tik_no"
			}
		]
	},
	"yat": {
		"sounds": [
			{
				"name": "minecraft:yat"
			}
		]
	},
	"yat_no": {
		"sounds": [
			{
				"name": "minecraft:yat_no"
			}
		]
	},
	"qub": {
		"sounds": [
			{
				"name": "minecraft:qub"
			}
		]
	},
	"qub_kew": {
		"sounds": [
			{
				"name": "minecraft:qub_kew"
			}
		]
	},
	"np": {
		"sounds": [
			{
				"name": "minecraft:np"
			}
		]
	},
	"np_end": {
		"sounds": [
			{
				"name": "minecraft:np_end"
			}
		]
	},
	"po_come_old": {
		"sounds": [
			{
				"name": "minecraft:po_come_old"
			}
		]
	},
	"po_come_end": {
		"sounds": [
			{
				"name": "minecraft:po_come_end"
			}
		]
	},
	"los_come_old": {
		"sounds": [
			{
				"name": "minecraft:los_come_old"
			}
		]
	},
	"los_come_end": {
		"sounds": [
			{
				"name": "minecraft:los_come_end"
			}
		]
	},
	"np_come_old": {
		"sounds": [
			{
				"name": "minecraft:np_come_old"
			}
		]
	},
	"np_come_end": {
		"sounds": [
			{
				"name": "minecraft:np_come_end"
			}
		]
	},
	"close_door": {
		"sounds": [
			{
				"name": "minecraft:close_door"
			}
		]
	},
	"close_door_station": {
		"sounds": [
			{
				"name": "minecraft:close_door_station"
			}
		]
	},
	"close_door_gate": {
		"sounds": [
			{
				"name": "minecraft:close_door_gate"
			}
		]
	},
	"no_pdoor_train": {
		"sounds": [
			{
				"name": "minecraft:no_pdoor_train"
			}
		]
	},
	"no_pdoor_pf": {
		"sounds": [
			{
				"name": "minecraft:no_pdoor_pf"
			}
		]
	},
	"train_come": {
		"sounds": [
			{
				"name": "minecraft:train_come"
			}
		]
	},
	"open_door": {
		"sounds": [
			{
				"name": "minecraft:open_door"
			}
		]
	},
	"bluemoonlight": {
		"sounds": [
			{
				"name": "minecraft:bluemoonlight"
			}
		]
	}
}
