{
	"door_close_psd": {
		"sounds": [
			{
				"name": "bmlr:door_close_psd"
			}
		]
	},
	"door_close_train": {
		"sounds": [
			{
				"name": "bmlr:door_close_train"
			}
		]
	},
	"door_close_apg": {
		"sounds": [
			{
				"name": "bmlr:door_close_apg"
			}
		]
	},
	"door_traincome": {
		"sounds": [
			{
				"name": "bmlr:door_traincome"
			}
		]
	},
	"door_traincome_mind": {
		"sounds": [
			{
				"name": "bmlr:door_traincome_mind"
			}
		]
	},
	"door_open": {
		"sounds": [
			{
				"name": "bmlr:door_open"
			}
		]
	}
}
