{
  "custom_trains": {
    "q_train": {
      "name": "blue_q_train",
      "color": "FEC5E5",
      "base_train_type": "c_train",
      "texture_id": "mtr:custom_directory/q_train.png"
    },
    "happy_train": {
      "name": "blue_happy_train",
      "color": "FEC5E5",
      "base_train_type": "k_train",
      "texture_id": "mtr:custom_directory/happy_train.png"
    },
    "l_train": {
      "name": "l_train",
      "color": "FEC5E5",
      "base_train_type": "r_train",
      "door_animation_type":"STANDARD_SLOW",
      "texture_id": "mtr:custom_directory/l_train.png"
    },
    "blue_train": {
      "name": "blue_blue_train",
      "color": "FEC5E5",
      "base_train_type": "k_train",
      "door_animation_type":"STANDARD_SLOW",
      "texture_id": "mtr:custom_directory/blue_train.png"
    },
	"qq1": {
		"name": "Q-Train/24m",
		"color": "6A1EB9",
		"base_train_type": "c_train",
		"texture_id": "mtr:custom_directory/q_train.png"
	},
	"qq2": {
		"name": "Q-Train/19m",
		"color": "6A1EB9",
		"base_train_type": "c_train_small",
		"texture_id": "mtr:custom_directory/q_train.png"
	},
	"qqqqqqqqqqqqqq3": {
		"name": "Q-Train/9m",
		"color": "6A1EB9",
		"base_train_type": "c_train_mini",
		"texture_id": "mtr:custom_directory/q_train.png"
	},
	"Q-Train":
	{
		"name":"Q-Train(BML(MTR)'s Verison)",
		"description":"Q-Train，港鐵市區綫中國青島四方製列車（MTR CRRC Qingdao Sifang EMU），又稱市區綫願景列車（Urban Lines Vision Train），是港鐵公司購入之市區綫列車，由中國中車青島四方機車車輛製造，用以全數取代1979年起投入服務的現代化列車(M-Train)，迪士尼綫列車(DRL M-Train)除外。",
		"wikipedia_article":"",
		"color":"341C82",
		"gangway_connection_id":"",
		"train_barrier_id":"",
		"door_animation_type":"STANDARD",
		"render_door_overlay":false,
		"rider_offset":0.0,
		"texture_id":"mtr:qtrain/png/qtrain.png",
		"model":"mtr:qtrain/qtrain.bbmodel",
		"model_properties":"mtr:qtrain/json/qtrain.json",
		"speed_sound_count": 80,
		"door_sound_base_id": "qtrain",
		"speed_sound_base_id": "c_train"
	},
	"Q-Train_nodisplay":
	{
		"name":"Q-Train(BML's Verison)",
		"description":"Q-Train，港鐵市區綫中國青島四方製列車（MTR CRRC Qingdao Sifang EMU），又稱市區綫願景列車（Urban Lines Vision Train），是港鐵公司購入之市區綫列車，由中國中車青島四方機車車輛製造，用以全數取代1979年起投入服務的現代化列車(M-Train)，迪士尼綫列車(DRL M-Train)除外。",
		"wikipedia_article":"",
		"color":"341C82",
		"gangway_connection_id":"",
		"train_barrier_id":"",
		"door_animation_type":"STANDARD",
		"render_door_overlay":false,
		"rider_offset":0.0,
		"texture_id":"mtr:qtrain/png/qtrainnodisplay.png",
		"model":"mtr:qtrain/qtrain.bbmodel",
		"model_properties":"mtr:qtrain/json/qtrain.json",
		"speed_sound_count": 80,
		"door_sound_base_id": "qtrain",
		"speed_sound_base_id": "c_train"
	}
  },
	"custom_signs": {
		"airport_1": {
			"texture_id": "mtr:custom_directory/1.png",
			"flip_texture": false,
			"custom_text": "1號客運大樓|Terminal 1",
			"flip_custom_text": false,
			"small": true,
			"background_color": "000000"
		},
		"airport_2": {
			"texture_id": "mtr:custom_directory/2.png",
			"flip_texture": false,
			"custom_text": "2號客運大樓|Terminal 2",
			"flip_custom_text": false,
			"small": true,
			"background_color": "000000"
		},		
    "HK": {
			"texture_id": "mtr:custom_directory/2.png",
			"flip_texture": false,
			"custom_text": "連接香港站|Connect to Hong Kong Station",
			"flip_custom_text": false,
			"small": true,
			"background_color": "000000"
		},
    "BML": {
			"texture_id": "mtr:custom_directory/2.png",
			"flip_texture": false,
			"custom_text": "連接藍月光站|Connect to Bluemoonlight Station",
			"flip_custom_text": false,
			"small": true,
			"background_color": "000000"
		}
    
	}
}