{"custom_trains":
    {
        "bmjr_b_local":
            {"name":"BMJR [B] local",
                "description":"BMJR train",
                "wikipedia_article":"",
                "color":"FFFF00",
                "gangway_connection_id":"mtr:textures/entity/k_train",
                "train_barrier_id":"",
                "door_animation_type":"MLR",
                "render_door_overlay":false,
                "rider_offset":0.0,
                "texture_id":"mtr:bmjr/b/local/bmjr_b_photo",
                "model":"mtr:bmjr/b/local/bmjr_b.bbmodel",
                "model_properties":"mtr:bmjr/b/local/bmjr_b.json",
                "speed_sound_count": 80,
                "door_sound_base_id": "bmjr",
                "speed_sound_base_id": "a_train"
            },
            "bmlr":
            {"name":"BMLR train",
                "description":"BMLR train",
                "wikipedia_article":"",
                "color":"FFFFFF",
                "gangway_connection_id":"mtr:textures/entity/k_train",
                "train_barrier_id":"",
                "door_animation_type":"MLR",
                "render_door_overlay":false,
                "rider_offset":0.0,
                "texture_id":"mtr:bmlr/bmlr_photo",
                "model":"mtr:bmlr/bmlr.bbmodel",
                "model_properties":"mtr:bmlr/bmlr.json",
                "speed_sound_count": 80,
                "door_sound_base_id": "bmlr",
                "speed_sound_base_id": "k_train"
            }
    }
    
}