{"transport_mode":"TRAIN",
    "length":24,
        "width":2,
        "door_max":13,
        "parts":[


        {"name":"doorinleft",
        "stage":"INTERIOR",
        "mirror":false,
        "skip_rendering_if_too_far":false,
        "door_offset":"RIGHT_NEGATIVE",
        "render_condition":"ALL",
        "positions":[[0.0,-160.0]],
        "whitelisted_cars":"",
        "blacklisted_cars":""},
        
        {"name":"dooroutleft",
        "stage":"EXTERIOR",
        "mirror":false,
        "skip_rendering_if_too_far":false,
        "door_offset":"RIGHT_NEGATIVE",
        "render_condition":"ALL",
        "positions":[[0.0,-160.0]],
        "whitelisted_cars":"",
        "blacklisted_cars":""},
        
        {"name":"doorinright",
        "stage":"INTERIOR",
        "mirror":false,
        "skip_rendering_if_too_far":false,
        "door_offset":"RIGHT_POSITIVE",
        "render_condition":"ALL",
        "positions":[[0.0,-160.0]],
        "whitelisted_cars":"",
        "blacklisted_cars":""},
        
        {"name":"doorloutright",
        "stage":"EXTERIOR",
        "mirror":false,
        "skip_rendering_if_too_far":false,
        "door_offset":"RIGHT_POSITIVE",
        "render_condition":"ALL",
        "positions":[[0.0,-160.0]],
        "whitelisted_cars":"",
        "blacklisted_cars":""},
        
        {"name":"doorout",
        "stage":"EXTERIOR",
        "mirror":false,
        "skip_rendering_if_too_far":false,
        "door_offset":"NONE",
        "render_condition":"ALL",
        "positions":[[0.0,-160.0]],
        "whitelisted_cars":"",
        "blacklisted_cars":""},
        
        {"name":"doorin",
        "stage":"INTERIOR",
        "mirror":false,
        "skip_rendering_if_too_far":false,
        "door_offset":"NONE",
        "render_condition":"ALL",
        "positions":[[0.0,-160.0]],
        "whitelisted_cars":"",
        "blacklisted_cars":""},
        
        {"name":"lightdoor",
        "stage":"ALWAYS_ON_LIGHTS",
        "mirror":false,
        "skip_rendering_if_too_far":false,
        "door_offset":"NONE",
        "render_condition":"ALL",
        "positions":[[0.0,-160.0]],
        "whitelisted_cars":"",
        "blacklisted_cars":""},
        
        {"name":"displaytext",
        "stage":"INTERIOR",
        "mirror":false,
        "skip_rendering_if_too_far":false,
        "door_offset":"NONE",
        "render_condition":"DOORS_CLOSED",
        "positions":[[0.0,-160.0]],
        "whitelisted_cars":"",
        "blacklisted_cars":"",
        "display":{"x_padding":0.05,
        "y_padding":0.05,
        "cjk_size_ratio":0.0,
        "type":"NEXT_STATION_MTR",
        "color_cjk":"FFFFFF",
        "color":"FFFFFF",
        "should_scroll":false,
        "force_upper_case":false,
        "force_single_line":true}},
        
        {"name":"displaytextstation",
        "stage":"INTERIOR",
        "mirror":false,
        "skip_rendering_if_too_far":false,
        "door_offset":"NONE",
        "render_condition":"DOORS_OPEN",
        "positions":[[0.0,-160.0]],
        "whitelisted_cars":"",
        "blacklisted_cars":""},

	  {"name":"displaytextstationendstationsee",
        "stage":"INTERIOR",
        "mirror":false,
        "skip_rendering_if_too_far":false,
        "door_offset":"NONE",
        "render_condition":"DOORS_OPEN",
        "positions":[[0.0,-160.0]],
        "whitelisted_cars":"",
        "blacklisted_cars":"",
        "display":{"x_padding":0.05,
        "y_padding":0.05,
        "cjk_size_ratio":0.0,
        "type":"DESTINATION",
        "color_cjk":"FFFFFF",
        "color":"FFFFFF",
        "should_scroll":false,
        "force_upper_case":false,
        "force_single_line":true}},
        
        {"name":"displaymindgapother",
        "stage":"INTERIOR",
        "mirror":false,
        "skip_rendering_if_too_far":false,
        "door_offset":"NONE",
        "render_condition":"DOOR_LEFT_OPEN",
        "positions":[[0.0,-160.0]],
        "whitelisted_cars":"",
        "blacklisted_cars":"",
        "display":{"x_padding":0.55,
        "y_padding":0.2,
        "cjk_size_ratio":0,
        "type":"NEXT_STATION_PLAIN",
        "color_cjk":"1",
        "color":"1",
        "should_scroll":false,
        "force_upper_case":false,
        "force_single_line":true}},
        
        {"name":"displaymindgap",
        "stage":"INTERIOR",
        "mirror":false,
        "skip_rendering_if_too_far":false,
        "door_offset":"NONE",
        "render_condition":"DOOR_RIGHT_OPEN",
        "positions":[[0.0,-160.0]],
        "whitelisted_cars":"",
        "blacklisted_cars":"",
        "display":{"x_padding":0.55,
        "y_padding":0.2,
        "cjk_size_ratio":0,
        "type":"NEXT_STATION_PLAIN",
        "color_cjk":"1",
        "color":"1",
        "should_scroll":false,
        "force_upper_case":false,
        "force_single_line":true}},
        
        {"name":"display",
        "stage":"INTERIOR",
        "mirror":false,
        "skip_rendering_if_too_far":false,
        "door_offset":"NONE",
        "render_condition":"DOORS_CLOSED",
        "positions":[[0.0,-160.0]],
        "whitelisted_cars":"",
        "blacklisted_cars":""},
        

        {"name":"doorinleft",
        "stage":"INTERIOR",
        "mirror":false,
        "skip_rendering_if_too_far":false,
        "door_offset":"RIGHT_NEGATIVE",
        "render_condition":"ALL",
        "positions":[[0.0,-80.0]],
        "whitelisted_cars":"",
        "blacklisted_cars":""},

        {"name":"dooroutleft",
        "stage":"EXTERIOR",
        "mirror":false,
        "skip_rendering_if_too_far":false,
        "door_offset":"RIGHT_NEGATIVE",
        "render_condition":"ALL",
        "positions":[[0.0,-80.0]],
        "whitelisted_cars":"",
        "blacklisted_cars":""},

        {"name":"doorinright",
        "stage":"INTERIOR",
        "mirror":false,
        "skip_rendering_if_too_far":false,
        "door_offset":"RIGHT_POSITIVE",
        "render_condition":"ALL",
        "positions":[[0.0,-80.0]],
        "whitelisted_cars":"",
        "blacklisted_cars":""},

        {"name":"doorloutright",
        "stage":"EXTERIOR",
        "mirror":false,
        "skip_rendering_if_too_far":false,
        "door_offset":"RIGHT_POSITIVE",
        "render_condition":"ALL",
        "positions":[[0.0,-80.0]],
        "whitelisted_cars":"",
        "blacklisted_cars":""},

        {"name":"doorout",
        "stage":"EXTERIOR",
        "mirror":false,
        "skip_rendering_if_too_far":false,
        "door_offset":"NONE",
        "render_condition":"ALL",
        "positions":[[0.0,-80.0]],
        "whitelisted_cars":"",
        "blacklisted_cars":""},

        {"name":"doorin",
        "stage":"INTERIOR",
        "mirror":false,
        "skip_rendering_if_too_far":false,
        "door_offset":"NONE",
        "render_condition":"ALL",
        "positions":[[0.0,-80.0]],
        "whitelisted_cars":"",
        "blacklisted_cars":""},

        {"name":"lightdoor",
        "stage":"ALWAYS_ON_LIGHTS",
        "mirror":false,
        "skip_rendering_if_too_far":false,
        "door_offset":"NONE",
        "render_condition":"ALL",
        "positions":[[0.0,-80.0]],
        "whitelisted_cars":"",
        "blacklisted_cars":""},

        {"name":"displaytext",
        "stage":"INTERIOR",
        "mirror":false,
        "skip_rendering_if_too_far":false,
        "door_offset":"NONE",
        "render_condition":"DOORS_CLOSED",
        "positions":[[0.0,-80.0]],
        "whitelisted_cars":"",
        "blacklisted_cars":"",
        "display":{"x_padding":0.05,
        "y_padding":0.05,
        "cjk_size_ratio":0.0,
        "type":"NEXT_STATION_MTR",
        "color_cjk":"FFFFFF",
        "color":"FFFFFF",
        "should_scroll":false,
        "force_upper_case":false,
        "force_single_line":true}},

        {"name":"displaytextstation",
        "stage":"INTERIOR",
        "mirror":false,
        "skip_rendering_if_too_far":false,
        "door_offset":"NONE",
        "render_condition":"DOORS_OPEN",
        "positions":[[0.0,-80.0]],
        "whitelisted_cars":"",
        "blacklisted_cars":""},

	  {"name":"displaytextstationendstationsee",
        "stage":"INTERIOR",
        "mirror":false,
        "skip_rendering_if_too_far":false,
        "door_offset":"NONE",
        "render_condition":"DOORS_OPEN",
        "positions":[[0.0,-80.0]],
        "whitelisted_cars":"",
        "blacklisted_cars":"",
        "display":{"x_padding":0.05,
        "y_padding":0.05,
        "cjk_size_ratio":0.0,
        "type":"DESTINATION",
        "color_cjk":"FFFFFF",
        "color":"FFFFFF",
        "should_scroll":false,
        "force_upper_case":false,
        "force_single_line":true}},

        {"name":"displaymindgapother",
        "stage":"INTERIOR",
        "mirror":false,
        "skip_rendering_if_too_far":false,
        "door_offset":"NONE",
        "render_condition":"DOOR_LEFT_OPEN",
        "positions":[[0.0,-80.0]],
        "whitelisted_cars":"",
        "blacklisted_cars":"",
        "display":{"x_padding":0.55,
        "y_padding":0.2,
        "cjk_size_ratio":0,
        "type":"NEXT_STATION_PLAIN",
        "color_cjk":"1",
        "color":"1",
        "should_scroll":false,
        "force_upper_case":false,
        "force_single_line":true}},

        {"name":"displaymindgap",
        "stage":"INTERIOR",
        "mirror":false,
        "skip_rendering_if_too_far":false,
        "door_offset":"NONE",
        "render_condition":"DOOR_RIGHT_OPEN",
        "positions":[[0.0,-80.0]],
        "whitelisted_cars":"",
        "blacklisted_cars":"",
        "display":{"x_padding":0.55,
        "y_padding":0.2,
        "cjk_size_ratio":0,
        "type":"NEXT_STATION_PLAIN",
        "color_cjk":"1",
        "color":"1",
        "should_scroll":false,
        "force_upper_case":false,
        "force_single_line":true}},

        {"name":"display",
        "stage":"INTERIOR",
        "mirror":false,
        "skip_rendering_if_too_far":false,
        "door_offset":"NONE",
        "render_condition":"DOORS_CLOSED",
        "positions":[[0.0,-80.0]],
        "whitelisted_cars":"",
        "blacklisted_cars":""},

        {"name":"doorinleft"
        ,
        "stage":"INTERIOR",
        "mirror":false,
        "skip_rendering_if_too_far":false,
        "door_offset":"RIGHT_NEGATIVE",
        "render_condition":"ALL",
        "positions":[[0.0,0.0]],
        "whitelisted_cars":"",
        "blacklisted_cars":""},

        {"name":"dooroutleft",
        "stage":"EXTERIOR",
        "mirror":false,
        "skip_rendering_if_too_far":false,
        "door_offset":"RIGHT_NEGATIVE",
        "render_condition":"ALL",
        "positions":[[0.0,0.0]],
        "whitelisted_cars":"",
        "blacklisted_cars":""},

        {"name":"doorinright",
        "stage":"INTERIOR",
        "mirror":false,
        "skip_rendering_if_too_far":false,
        "door_offset":"RIGHT_POSITIVE",
        "render_condition":"ALL",
        "positions":[[0.0,0.0]],
        "whitelisted_cars":"",
        "blacklisted_cars":""},

        {"name":"doorloutright",
        "stage":"EXTERIOR",
        "mirror":false,
        "skip_rendering_if_too_far":false,
        "door_offset":"RIGHT_POSITIVE",
        "render_condition":"ALL",
        "positions":[[0.0,0.0]],
        "whitelisted_cars":"",
        "blacklisted_cars":""},

        {"name":"doorout",
        "stage":"EXTERIOR",
        "mirror":false,
        "skip_rendering_if_too_far":false,
        "door_offset":"NONE",
        "render_condition":"ALL",
        "positions":[[0.0,0.0]],
        "whitelisted_cars":"",
        "blacklisted_cars":""},

        {"name":"doorin",
        "stage":"INTERIOR",
        "mirror":false,
        "skip_rendering_if_too_far":false,
        "door_offset":"NONE",
        "render_condition":"ALL",
        "positions":[[0.0,0.0]],
        "whitelisted_cars":"",
        "blacklisted_cars":""},

        {"name":"lightdoor",
        "stage":"ALWAYS_ON_LIGHTS",
        "mirror":false,
        "skip_rendering_if_too_far":false,
        "door_offset":"NONE",
        "render_condition":"ALL",
        "positions":[[0.0,0.0]],
        "whitelisted_cars":"",
        "blacklisted_cars":""},

        {"name":"displaytext",
        "stage":"INTERIOR",
        "mirror":false,
        "skip_rendering_if_too_far":false,
        "door_offset":"NONE",
        "render_condition":"DOORS_CLOSED",
        "positions":[[0.0,0.0]],
        "whitelisted_cars":"",
        "blacklisted_cars":"",
        "display":{"x_padding":0.05,
        "y_padding":0.05,
        "cjk_size_ratio":0.0,
        "type":"NEXT_STATION_MTR",
        "color_cjk":"FFFFFF",
        "color":"FFFFFF",
        "should_scroll":false,
        "force_upper_case":false,
        "force_single_line":true}},

        {"name":"displaytextstation",
        "stage":"INTERIOR",
        "mirror":false,
        "skip_rendering_if_too_far":false,
        "door_offset":"NONE",
        "render_condition":"DOORS_OPEN",
        "positions":[[0.0,0.0]],
        "whitelisted_cars":"",
        "blacklisted_cars":""},

	  {"name":"displaytextstationendstationsee",
        "stage":"INTERIOR",
        "mirror":false,
        "skip_rendering_if_too_far":false,
        "door_offset":"NONE",
        "render_condition":"DOORS_OPEN",
        "positions":[[0.0,0.0]],
        "whitelisted_cars":"",
        "blacklisted_cars":"",
        "display":{"x_padding":0.05,
        "y_padding":0.05,
        "cjk_size_ratio":0.0,
        "type":"DESTINATION",
        "color_cjk":"FFFFFF",
        "color":"FFFFFF",
        "should_scroll":false,
        "force_upper_case":false,
        "force_single_line":true}},

        {"name":"displaymindgapother",
        "stage":"INTERIOR",
        "mirror":false,
        "skip_rendering_if_too_far":false,
        "door_offset":"NONE",
        "render_condition":"DOOR_LEFT_OPEN",
        "positions":[[0.0,0.0]],
        "whitelisted_cars":"",
        "blacklisted_cars":"",
        "display":{"x_padding":0.55,
        "y_padding":0.2,
        "cjk_size_ratio":0,
        "type":"NEXT_STATION_PLAIN",
        "color_cjk":"1",
        "color":"1",
        "should_scroll":false,
        "force_upper_case":false,
        "force_single_line":true}},

        {"name":"displaymindgap",
        "stage":"INTERIOR",
        "mirror":false,
        "skip_rendering_if_too_far":false,
        "door_offset":"NONE",
        "render_condition":"DOOR_RIGHT_OPEN",
        "positions":[[0.0,0.0]],
        "whitelisted_cars":"",
        "blacklisted_cars":"",
        "display":{"x_padding":0.55,
        "y_padding":0.2,
        "cjk_size_ratio":0,
        "type":"NEXT_STATION_PLAIN",
        "color_cjk":"1",
        "color":"1",
        "should_scroll":false,
        "force_upper_case":false,
        "force_single_line":true}},

        {"name":"display",
        "stage":"INTERIOR",
        "mirror":false,
        "skip_rendering_if_too_far":false,
        "door_offset":"NONE",
        "render_condition":"DOORS_CLOSED",
        "positions":[[0.0,0.0]],
        "whitelisted_cars":"",
        "blacklisted_cars":""},

        {"name":"doorinleft"
        ,
        "stage":"INTERIOR",
        "mirror":false,
        "skip_rendering_if_too_far":false,
        "door_offset":"RIGHT_NEGATIVE",
        "render_condition":"ALL",
        "positions":[[0.0,80.0]],
        "whitelisted_cars":"",
        "blacklisted_cars":""},

        {"name":"dooroutleft",
        "stage":"EXTERIOR",
        "mirror":false,
        "skip_rendering_if_too_far":false,
        "door_offset":"RIGHT_NEGATIVE",
        "render_condition":"ALL",
        "positions":[[0.0,80.0]],
        "whitelisted_cars":"",
        "blacklisted_cars":""},

        {"name":"doorinright",
        "stage":"INTERIOR",
        "mirror":false,
        "skip_rendering_if_too_far":false,
        "door_offset":"RIGHT_POSITIVE",
        "render_condition":"ALL",
        "positions":[[0.0,80.0]],
        "whitelisted_cars":"",
        "blacklisted_cars":""},

        {"name":"doorloutright",
        "stage":"EXTERIOR",
        "mirror":false,
        "skip_rendering_if_too_far":false,
        "door_offset":"RIGHT_POSITIVE",
        "render_condition":"ALL",
        "positions":[[0.0,80.0]],
        "whitelisted_cars":"",
        "blacklisted_cars":""},

        {"name":"doorout",
        "stage":"EXTERIOR",
        "mirror":false,
        "skip_rendering_if_too_far":false,
        "door_offset":"NONE",
        "render_condition":"ALL",
        "positions":[[0.0,80.0]],
        "whitelisted_cars":"",
        "blacklisted_cars":""},

        {"name":"doorin",
        "stage":"INTERIOR",
        "mirror":false,
        "skip_rendering_if_too_far":false,
        "door_offset":"NONE",
        "render_condition":"ALL",
        "positions":[[0.0,80.0]],
        "whitelisted_cars":"",
        "blacklisted_cars":""},

        {"name":"lightdoor",
        "stage":"ALWAYS_ON_LIGHTS",
        "mirror":false,
        "skip_rendering_if_too_far":false,
        "door_offset":"NONE",
        "render_condition":"ALL",
        "positions":[[0.0,80.0]],
        "whitelisted_cars":"",
        "blacklisted_cars":""},

        {"name":"displaytext",
        "stage":"INTERIOR",
        "mirror":false,
        "skip_rendering_if_too_far":false,
        "door_offset":"NONE",
        "render_condition":"DOORS_CLOSED",
        "positions":[[0.0,80.0]],
        "whitelisted_cars":"",
        "blacklisted_cars":"",
        "display":{"x_padding":0.05,
        "y_padding":0.05,
        "cjk_size_ratio":0.0,
        "type":"NEXT_STATION_MTR",
        "color_cjk":"FFFFFF",
        "color":"FFFFFF",
        "should_scroll":false,
        "force_upper_case":false,
        "force_single_line":true}},

        {"name":"displaytextstation",
        "stage":"INTERIOR",
        "mirror":false,
        "skip_rendering_if_too_far":false,
        "door_offset":"NONE",
        "render_condition":"DOORS_OPEN",
        "positions":[[0.0,80.0]],
        "whitelisted_cars":"",
        "blacklisted_cars":""},

	  {"name":"displaytextstationendstationsee",
        "stage":"INTERIOR",
        "mirror":false,
        "skip_rendering_if_too_far":false,
        "door_offset":"NONE",
        "render_condition":"DOORS_OPEN",
        "positions":[[0.0,80.0]],
        "whitelisted_cars":"",
        "blacklisted_cars":"",
        "display":{"x_padding":0.05,
        "y_padding":0.05,
        "cjk_size_ratio":0.0,
        "type":"DESTINATION",
        "color_cjk":"FFFFFF",
        "color":"FFFFFF",
        "should_scroll":false,
        "force_upper_case":false,
        "force_single_line":true}},


        {"name":"displaymindgapother",
        "stage":"INTERIOR",
        "mirror":false,
        "skip_rendering_if_too_far":false,
        "door_offset":"NONE",
        "render_condition":"DOOR_LEFT_OPEN",
        "positions":[[0.0,80.0]],
        "whitelisted_cars":"",
        "blacklisted_cars":"",
        "display":{"x_padding":0.55,
        "y_padding":0.2,
        "cjk_size_ratio":0,
        "type":"NEXT_STATION_PLAIN",
        "color_cjk":"1",
        "color":"1",
        "should_scroll":false,
        "force_upper_case":false,
        "force_single_line":true}},

        {"name":"displaymindgap",
        "stage":"INTERIOR",
        "mirror":false,
        "skip_rendering_if_too_far":false,
        "door_offset":"NONE",
        "render_condition":"DOOR_RIGHT_OPEN",
        "positions":[[0.0,80.0]],
        "whitelisted_cars":"",
        "blacklisted_cars":"",
        "display":{"x_padding":0.55,
        "y_padding":0.2,
        "cjk_size_ratio":0,
        "type":"NEXT_STATION_PLAIN",
        "color_cjk":"1",
        "color":"1",
        "should_scroll":false,
        "force_upper_case":false,
        "force_single_line":true}},

        {"name":"display",
        "stage":"INTERIOR",
        "mirror":false,
        "skip_rendering_if_too_far":false,
        "door_offset":"NONE",
        "render_condition":"DOORS_CLOSED",
        "positions":[[0.0,80.0]],
        "whitelisted_cars":"",
        "blacklisted_cars":""},

        {"name":"doorinleft"
        ,
        "stage":"INTERIOR",
        "mirror":false,
        "skip_rendering_if_too_far":false,
        "door_offset":"RIGHT_NEGATIVE",
        "render_condition":"ALL",
        "positions":[[0.0,160.0]],
        "whitelisted_cars":"",
        "blacklisted_cars":""},

        {"name":"dooroutleft",
        "stage":"EXTERIOR",
        "mirror":false,
        "skip_rendering_if_too_far":false,
        "door_offset":"RIGHT_NEGATIVE",
        "render_condition":"ALL",
        "positions":[[0.0,160.0]],
        "whitelisted_cars":"",
        "blacklisted_cars":""},

        {"name":"doorinright",
        "stage":"INTERIOR",
        "mirror":false,
        "skip_rendering_if_too_far":false,
        "door_offset":"RIGHT_POSITIVE",
        "render_condition":"ALL",
        "positions":[[0.0,160.0]],
        "whitelisted_cars":"",
        "blacklisted_cars":""},

        {"name":"doorloutright",
        "stage":"EXTERIOR",
        "mirror":false,
        "skip_rendering_if_too_far":false,
        "door_offset":"RIGHT_POSITIVE",
        "render_condition":"ALL",
        "positions":[[0.0,160.0]],
        "whitelisted_cars":"",
        "blacklisted_cars":""},

        {"name":"doorout",
        "stage":"EXTERIOR",
        "mirror":false,
        "skip_rendering_if_too_far":false,
        "door_offset":"NONE",
        "render_condition":"ALL",
        "positions":[[0.0,160.0]],
        "whitelisted_cars":"",
        "blacklisted_cars":""},

        {"name":"doorin",
        "stage":"INTERIOR",
        "mirror":false,
        "skip_rendering_if_too_far":false,
        "door_offset":"NONE",
        "render_condition":"ALL",
        "positions":[[0.0,160.0]],
        "whitelisted_cars":"",
        "blacklisted_cars":""},

        {"name":"lightdoor",
        "stage":"ALWAYS_ON_LIGHTS",
        "mirror":false,
        "skip_rendering_if_too_far":false,
        "door_offset":"NONE",
        "render_condition":"ALL",
        "positions":[[0.0,160.0]],
        "whitelisted_cars":"",
        "blacklisted_cars":""},

        {"name":"displaytext",
        "stage":"INTERIOR",
        "mirror":false,
        "skip_rendering_if_too_far":false,
        "door_offset":"NONE",
        "render_condition":"DOORS_CLOSED",
        "positions":[[0.0,160.0]],
        "whitelisted_cars":"",
        "blacklisted_cars":"",
        "display":{"x_padding":0.05,
        "y_padding":0.05,
        "cjk_size_ratio":0.0,
        "type":"NEXT_STATION_MTR",
        "color_cjk":"FFFFFF",
        "color":"FFFFFF",
        "should_scroll":false,
        "force_upper_case":false,
        "force_single_line":true}},

        {"name":"displaytextstation",
        "stage":"INTERIOR",
        "mirror":false,
        "skip_rendering_if_too_far":false,
        "door_offset":"NONE",
        "render_condition":"DOORS_OPEN",
        "positions":[[0.0,160.0]],
        "whitelisted_cars":"",
        "blacklisted_cars":""},

	  {"name":"displaytextstationendstationsee",
        "stage":"INTERIOR",
        "mirror":false,
        "skip_rendering_if_too_far":false,
        "door_offset":"NONE",
        "render_condition":"DOORS_OPEN",
        "positions":[[0.0,160.0]],
        "whitelisted_cars":"",
        "blacklisted_cars":"",
        "display":{"x_padding":0.05,
        "y_padding":0.05,
        "cjk_size_ratio":0.0,
        "type":"DESTINATION",
        "color_cjk":"FFFFFF",
        "color":"FFFFFF",
        "should_scroll":false,
        "force_upper_case":false,
        "force_single_line":true}},

        {"name":"displaymindgapother",
        "stage":"INTERIOR",
        "mirror":false,
        "skip_rendering_if_too_far":false,
        "door_offset":"NONE",
        "render_condition":"DOOR_LEFT_OPEN",
        "positions":[[0.0,160.0]],
        "whitelisted_cars":"",
        "blacklisted_cars":"",
        "display":{"x_padding":0.55,
        "y_padding":0.2,
        "cjk_size_ratio":0,
        "type":"NEXT_STATION_PLAIN",
        "color_cjk":"1",
        "color":"1",
        "should_scroll":false,
        "force_upper_case":false,
        "force_single_line":true}},

        {"name":"displaymindgap",
        "stage":"INTERIOR",
        "mirror":false,
        "skip_rendering_if_too_far":false,
        "door_offset":"NONE",
        "render_condition":"DOOR_RIGHT_OPEN",
        "positions":[[0.0,160.0]],
        "whitelisted_cars":"",
        "blacklisted_cars":"",
        "display":{"x_padding":0.55,
        "y_padding":0.2,
        "cjk_size_ratio":0,
        "type":"NEXT_STATION_PLAIN",
        "color_cjk":"1",
        "color":"1",
        "should_scroll":false,
        "force_upper_case":false,
        "force_single_line":true}},

        {"name":"display",
        "stage":"INTERIOR",
        "mirror":false,
        "skip_rendering_if_too_far":false,
        "door_offset":"NONE",
        "render_condition":"DOORS_CLOSED",
        "positions":[[0.0,160.0]],
        "whitelisted_cars":"",
        "blacklisted_cars":""},
        
        {"name":"doorinleft"
        ,
        "stage":"INTERIOR",
        "mirror":true,
        "skip_rendering_if_too_far":false,
        "door_offset":"LEFT_NEGATIVE",
        "render_condition":"ALL",
        "positions":[[0.0,-160.0]],
        "whitelisted_cars":"",
        "blacklisted_cars":""},

        {"name":"dooroutleft",
        "stage":"EXTERIOR",
        "mirror":true,
        "skip_rendering_if_too_far":false,
        "door_offset":"LEFT_NEGATIVE",
        "render_condition":"ALL",
        "positions":[[0.0,-160.0]],
        "whitelisted_cars":"",
        "blacklisted_cars":""},

        {"name":"doorinright",
        "stage":"INTERIOR",
        "mirror":true,
        "skip_rendering_if_too_far":false,
        "door_offset":"LEFT_POSITIVE",
        "render_condition":"ALL",
        "positions":[[0.0,-160.0]],
        "whitelisted_cars":"",
        "blacklisted_cars":""},

        {"name":"doorloutright",
        "stage":"EXTERIOR",
        "mirror":true,
        "skip_rendering_if_too_far":false,
        "door_offset":"LEFT_POSITIVE",
        "render_condition":"ALL",
        "positions":[[0.0,-160.0]],
        "whitelisted_cars":"",
        "blacklisted_cars":""},

        {"name":"doorout",
        "stage":"EXTERIOR",
        "mirror":true,
        "skip_rendering_if_too_far":false,
        "door_offset":"NONE",
        "render_condition":"ALL",
        "positions":[[0.0,-160.0]],
        "whitelisted_cars":"",
        "blacklisted_cars":""},

        {"name":"doorin",
        "stage":"INTERIOR",
        "mirror":true,
        "skip_rendering_if_too_far":false,
        "door_offset":"NONE",
        "render_condition":"ALL",
        "positions":[[0.0,-160.0]],
        "whitelisted_cars":"",
        "blacklisted_cars":""},

        {"name":"lightdoor",
        "stage":"ALWAYS_ON_LIGHTS",
        "mirror":true,
        "skip_rendering_if_too_far":false,
        "door_offset":"NONE",
        "render_condition":"ALL",
        "positions":[[0.0,-160.0]],
        "whitelisted_cars":"",
        "blacklisted_cars":""},

        {"name":"displaytext",
        "stage":"INTERIOR",
        "mirror":true,
        "skip_rendering_if_too_far":false,
        "door_offset":"NONE",
        "render_condition":"DOORS_CLOSED",
        "positions":[[0.0,-160.0]],
        "whitelisted_cars":"",
        "blacklisted_cars":"",
        "display":{"x_padding":0.05,
        "y_padding":0.05,
        "cjk_size_ratio":0.0,
        "type":"NEXT_STATION_MTR",
        "color_cjk":"FFFFFF",
        "color":"FFFFFF",
        "should_scroll":false,
        "force_upper_case":false,
        "force_single_line":true}},

        {"name":"displaytextstation",
        "stage":"INTERIOR",
        "mirror":true,
        "skip_rendering_if_too_far":false,
        "door_offset":"NONE",
        "render_condition":"DOORS_OPEN",
        "positions":[[0.0,-160.0]],
        "whitelisted_cars":"",
        "blacklisted_cars":""},

	  {"name":"displaytextstationendstationsee",
        "stage":"INTERIOR",
        "mirror":true,
        "skip_rendering_if_too_far":false,
        "door_offset":"NONE",
        "render_condition":"DOORS_OPEN",
        "positions":[[0.0,-160.0]],
        "whitelisted_cars":"",
        "blacklisted_cars":"",
        "display":{"x_padding":0.05,
        "y_padding":0.05,
        "cjk_size_ratio":0.0,
        "type":"DESTINATION",
        "color_cjk":"FFFFFF",
        "color":"FFFFFF",
        "should_scroll":false,
        "force_upper_case":false,
        "force_single_line":true}},
        

        {"name":"displaymindgapother",
        "stage":"INTERIOR",
        "mirror":true,
        "skip_rendering_if_too_far":false,
        "door_offset":"NONE",
        "render_condition":"DOOR_RIGHT_OPEN",
        "positions":[[0.0,-160.0]],
        "whitelisted_cars":"",
        "blacklisted_cars":"",
        "display":{"x_padding":0.55,
        "y_padding":0.2,
        "cjk_size_ratio":0,
        "type":"NEXT_STATION_PLAIN",
        "color_cjk":"1",
        "color":"1",
        "should_scroll":false,
        "force_upper_case":false,
        "force_single_line":true}},

        {"name":"displaymindgap",
        "stage":"INTERIOR",
        "mirror":true,
        "skip_rendering_if_too_far":false,
        "door_offset":"NONE",
        "render_condition":"DOOR_LEFT_OPEN",
        "positions":[[0.0,-160.0]],
        "whitelisted_cars":"",
        "blacklisted_cars":"",
        "display":{"x_padding":0.55,
        "y_padding":0.2,
        "cjk_size_ratio":0,
        "type":"NEXT_STATION_PLAIN",
        "color_cjk":"1",
        "color":"1",
        "should_scroll":false,
        "force_upper_case":false,
        "force_single_line":true}},

        {"name":"display",
        "stage":"INTERIOR",
        "mirror":true,
        "skip_rendering_if_too_far":false,
        "door_offset":"NONE",
        "render_condition":"DOORS_CLOSED",
        "positions":[[0.0,-160.0]],
        "whitelisted_cars":"",
        "blacklisted_cars":""},


        {"name":"doorinleft"
        ,
        "stage":"INTERIOR",
        "mirror":true,
        "skip_rendering_if_too_far":false,
        "door_offset":"LEFT_NEGATIVE",
        "render_condition":"ALL",
        "positions":[[0.0,-80.0]],
        "whitelisted_cars":"",
        "blacklisted_cars":""},

        {"name":"dooroutleft",
        "stage":"EXTERIOR",
        "mirror":true,
        "skip_rendering_if_too_far":false,
        "door_offset":"LEFT_NEGATIVE",
        "render_condition":"ALL",
        "positions":[[0.0,-80.0]],
        "whitelisted_cars":"",
        "blacklisted_cars":""},

        {"name":"doorinright",
        "stage":"INTERIOR",
        "mirror":true,
        "skip_rendering_if_too_far":false,
        "door_offset":"LEFT_POSITIVE",
        "render_condition":"ALL",
        "positions":[[0.0,-80.0]],
        "whitelisted_cars":"",
        "blacklisted_cars":""},

        {"name":"doorloutright",
        "stage":"EXTERIOR",
        "mirror":true,
        "skip_rendering_if_too_far":false,
        "door_offset":"LEFT_POSITIVE",
        "render_condition":"ALL",
        "positions":[[0.0,-80.0]],
        "whitelisted_cars":"",
        "blacklisted_cars":""},

        {"name":"doorout",
        "stage":"EXTERIOR",
        "mirror":true,
        "skip_rendering_if_too_far":false,
        "door_offset":"NONE",
        "render_condition":"ALL",
        "positions":[[0.0,-80.0]],
        "whitelisted_cars":"",
        "blacklisted_cars":""},

        {"name":"doorin",
        "stage":"INTERIOR",
        "mirror":true,
        "skip_rendering_if_too_far":false,
        "door_offset":"NONE",
        "render_condition":"ALL",
        "positions":[[0.0,-80.0]],
        "whitelisted_cars":"",
        "blacklisted_cars":""},

        {"name":"lightdoor",
        "stage":"ALWAYS_ON_LIGHTS",
        "mirror":true,
        "skip_rendering_if_too_far":false,
        "door_offset":"NONE",
        "render_condition":"ALL",
        "positions":[[0.0,-80.0]],
        "whitelisted_cars":"",
        "blacklisted_cars":""},

        {"name":"displaytext",
        "stage":"INTERIOR",
        "mirror":true,
        "skip_rendering_if_too_far":false,
        "door_offset":"NONE",
        "render_condition":"DOORS_CLOSED",
        "positions":[[0.0,-80.0]],
        "whitelisted_cars":"",
        "blacklisted_cars":"",
        "display":{"x_padding":0.05,
        "y_padding":0.05,
        "cjk_size_ratio":0.0,
        "type":"NEXT_STATION_MTR",
        "color_cjk":"FFFFFF",
        "color":"FFFFFF",
        "should_scroll":false,
        "force_upper_case":false,
        "force_single_line":true}},

        {"name":"displaytextstation",
        "stage":"INTERIOR",
        "mirror":true,
        "skip_rendering_if_too_far":false,
        "door_offset":"NONE",
        "render_condition":"DOORS_OPEN",
        "positions":[[0.0,-80.0]],
        "whitelisted_cars":"",
        "blacklisted_cars":""},

	  {"name":"displaytextstationendstationsee",
        "stage":"INTERIOR",
        "mirror":true,
        "skip_rendering_if_too_far":false,
        "door_offset":"NONE",
        "render_condition":"DOORS_OPEN",
        "positions":[[0.0,-80.0]],
        "whitelisted_cars":"",
        "blacklisted_cars":"",
        "display":{"x_padding":0.05,
        "y_padding":0.05,
        "cjk_size_ratio":0.0,
        "type":"DESTINATION",
        "color_cjk":"FFFFFF",
        "color":"FFFFFF",
        "should_scroll":false,
        "force_upper_case":false,
        "force_single_line":true}},

        {"name":"displaymindgapother",
        "stage":"INTERIOR",
        "mirror":true,
        "skip_rendering_if_too_far":false,
        "door_offset":"NONE",
        "render_condition":"DOOR_RIGHT_OPEN",
        "positions":[[0.0,-80.0]],
        "whitelisted_cars":"",
        "blacklisted_cars":"",
        "display":{"x_padding":0.55,
        "y_padding":0.2,
        "cjk_size_ratio":0,
        "type":"NEXT_STATION_PLAIN",
        "color_cjk":"1",
        "color":"1",
        "should_scroll":false,
        "force_upper_case":false,
        "force_single_line":true}},

        {"name":"displaymindgap",
        "stage":"INTERIOR",
        "mirror":true,
        "skip_rendering_if_too_far":false,
        "door_offset":"NONE",
        "render_condition":"DOOR_LEFT_OPEN",
        "positions":[[0.0,-80.0]],
        "whitelisted_cars":"",
        "blacklisted_cars":"",
        "display":{"x_padding":0.55,
        "y_padding":0.2,
        "cjk_size_ratio":0,
        "type":"NEXT_STATION_PLAIN",
        "color_cjk":"1",
        "color":"1",
        "should_scroll":false,
        "force_upper_case":false,
        "force_single_line":true}},

        {"name":"display",
        "stage":"INTERIOR",
        "mirror":true,
        "skip_rendering_if_too_far":false,
        "door_offset":"NONE",
        "render_condition":"DOORS_CLOSED",
        "positions":[[0.0,-80.0]],
        "whitelisted_cars":"",
        "blacklisted_cars":""},

        {"name":"doorinleft"
        ,
        "stage":"INTERIOR",
        "mirror":true,
        "skip_rendering_if_too_far":false,
        "door_offset":"LEFT_NEGATIVE",
        "render_condition":"ALL",
        "positions":[[0.0,0.0]],
        "whitelisted_cars":"",
        "blacklisted_cars":""},

        {"name":"dooroutleft",
        "stage":"EXTERIOR",
        "mirror":true,
        "skip_rendering_if_too_far":false,
        "door_offset":"LEFT_NEGATIVE",
        "render_condition":"ALL",
        "positions":[[0.0,0.0]],
        "whitelisted_cars":"",
        "blacklisted_cars":""},

        {"name":"doorinright",
        "stage":"INTERIOR",
        "mirror":true,
        "skip_rendering_if_too_far":false,
        "door_offset":"LEFT_POSITIVE",
        "render_condition":"ALL",
        "positions":[[0.0,0.0]],
        "whitelisted_cars":"",
        "blacklisted_cars":""},

        {"name":"doorloutright",
        "stage":"EXTERIOR",
        "mirror":true,
        "skip_rendering_if_too_far":false,
        "door_offset":"LEFT_POSITIVE",
        "render_condition":"ALL",
        "positions":[[0.0,0.0]],
        "whitelisted_cars":"",
        "blacklisted_cars":""},

        {"name":"doorout",
        "stage":"EXTERIOR",
        "mirror":true,
        "skip_rendering_if_too_far":false,
        "door_offset":"NONE",
        "render_condition":"ALL",
        "positions":[[0.0,0.0]],
        "whitelisted_cars":"",
        "blacklisted_cars":""},

        {"name":"doorin",
        "stage":"INTERIOR",
        "mirror":true,
        "skip_rendering_if_too_far":false,
        "door_offset":"NONE",
        "render_condition":"ALL",
        "positions":[[0.0,0.0]],
        "whitelisted_cars":"",
        "blacklisted_cars":""},

        {"name":"lightdoor",
        "stage":"ALWAYS_ON_LIGHTS",
        "mirror":true,
        "skip_rendering_if_too_far":false,
        "door_offset":"NONE",
        "render_condition":"ALL",
        "positions":[[0.0,0.0]],
        "whitelisted_cars":"",
        "blacklisted_cars":""},

        {"name":"displaytext",
        "stage":"INTERIOR",
        "mirror":true,
        "skip_rendering_if_too_far":false,
        "door_offset":"NONE",
        "render_condition":"DOORS_CLOSED",
        "positions":[[0.0,0.0]],
        "whitelisted_cars":"",
        "blacklisted_cars":"",
        "display":{"x_padding":0.05,
        "y_padding":0.05,
        "cjk_size_ratio":0.0,
        "type":"NEXT_STATION_MTR",
        "color_cjk":"FFFFFF",
        "color":"FFFFFF",
        "should_scroll":false,
        "force_upper_case":false,
        "force_single_line":true}},

        {"name":"displaytextstation",
        "stage":"INTERIOR",
        "mirror":true,
        "skip_rendering_if_too_far":false,
        "door_offset":"NONE",
        "render_condition":"DOORS_OPEN",
        "positions":[[0.0,0.0]],
        "whitelisted_cars":"",
        "blacklisted_cars":""},

	  {"name":"displaytextstationendstationsee",
        "stage":"INTERIOR",
        "mirror":true,
        "skip_rendering_if_too_far":false,
        "door_offset":"NONE",
        "render_condition":"DOORS_OPEN",
        "positions":[[0.0,0.0]],
        "whitelisted_cars":"",
        "blacklisted_cars":"",
        "display":{"x_padding":0.05,
        "y_padding":0.05,
        "cjk_size_ratio":0.0,
        "type":"DESTINATION",
        "color_cjk":"FFFFFF",
        "color":"FFFFFF",
        "should_scroll":false,
        "force_upper_case":false,
        "force_single_line":true}},

        {"name":"displaymindgapother",
        "stage":"INTERIOR",
        "mirror":true,
        "skip_rendering_if_too_far":false,
        "door_offset":"NONE",
        "render_condition":"DOOR_RIGHT_OPEN",
        "positions":[[0.0,0.0]],
        "whitelisted_cars":"",
        "blacklisted_cars":"",
        "display":{"x_padding":0.55,
        "y_padding":0.2,
        "cjk_size_ratio":0,
        "type":"NEXT_STATION_PLAIN",
        "color_cjk":"1",
        "color":"1",
        "should_scroll":false,
        "force_upper_case":false,
        "force_single_line":true}},

        {"name":"displaymindgap",
        "stage":"INTERIOR",
        "mirror":true,
        "skip_rendering_if_too_far":false,
        "door_offset":"NONE",
        "render_condition":"DOOR_LEFT_OPEN",
        "positions":[[0.0,0.0]],
        "whitelisted_cars":"",
        "blacklisted_cars":"",
        "display":{"x_padding":0.55,
        "y_padding":0.2,
        "cjk_size_ratio":0,
        "type":"NEXT_STATION_PLAIN",
        "color_cjk":"1",
        "color":"1",
        "should_scroll":false,
        "force_upper_case":false,
        "force_single_line":true}},

        {"name":"display",
        "stage":"INTERIOR",
        "mirror":true,
        "skip_rendering_if_too_far":false,
        "door_offset":"NONE",
        "render_condition":"DOORS_CLOSED",
        "positions":[[0.0,0.0]],
        "whitelisted_cars":"",
        "blacklisted_cars":""},

        {"name":"doorinleft"
        ,
        "stage":"INTERIOR",
        "mirror":true,
        "skip_rendering_if_too_far":false,
        "door_offset":"LEFT_NEGATIVE",
        "render_condition":"ALL",
        "positions":[[0.0,80.0]],
        "whitelisted_cars":"",
        "blacklisted_cars":""},

        {"name":"dooroutleft",
        "stage":"EXTERIOR",
        "mirror":true,
        "skip_rendering_if_too_far":false,
        "door_offset":"LEFT_NEGATIVE",
        "render_condition":"ALL",
        "positions":[[0.0,80.0]],
        "whitelisted_cars":"",
        "blacklisted_cars":""},

        {"name":"doorinright",
        "stage":"INTERIOR",
        "mirror":true,
        "skip_rendering_if_too_far":false,
        "door_offset":"LEFT_POSITIVE",
        "render_condition":"ALL",
        "positions":[[0.0,80.0]],
        "whitelisted_cars":"",
        "blacklisted_cars":""},

        {"name":"doorloutright",
        "stage":"EXTERIOR",
        "mirror":true,
        "skip_rendering_if_too_far":false,
        "door_offset":"LEFT_POSITIVE",
        "render_condition":"ALL",
        "positions":[[0.0,80.0]],
        "whitelisted_cars":"",
        "blacklisted_cars":""},

        {"name":"doorout",
        "stage":"EXTERIOR",
        "mirror":true,
        "skip_rendering_if_too_far":false,
        "door_offset":"NONE",
        "render_condition":"ALL",
        "positions":[[0.0,80.0]],
        "whitelisted_cars":"",
        "blacklisted_cars":""},

        {"name":"doorin",
        "stage":"INTERIOR",
        "mirror":true,
        "skip_rendering_if_too_far":false,
        "door_offset":"NONE",
        "render_condition":"ALL",
        "positions":[[0.0,80.0]],
        "whitelisted_cars":"",
        "blacklisted_cars":""},

        {"name":"lightdoor",
        "stage":"ALWAYS_ON_LIGHTS",
        "mirror":true,
        "skip_rendering_if_too_far":false,
        "door_offset":"NONE",
        "render_condition":"ALL",
        "positions":[[0.0,80.0]],
        "whitelisted_cars":"",
        "blacklisted_cars":""},

        {"name":"displaytext",
        "stage":"INTERIOR",
        "mirror":true,
        "skip_rendering_if_too_far":false,
        "door_offset":"NONE",
        "render_condition":"DOORS_CLOSED",
        "positions":[[0.0,80.0]],
        "whitelisted_cars":"",
        "blacklisted_cars":"",
        "display":{"x_padding":0.05,
        "y_padding":0.05,
        "cjk_size_ratio":0.0,
        "type":"NEXT_STATION_MTR",
        "color_cjk":"FFFFFF",
        "color":"FFFFFF",
        "should_scroll":false,
        "force_upper_case":false,
        "force_single_line":true}},

        {"name":"displaytextstation",
        "stage":"INTERIOR",
        "mirror":true,
        "skip_rendering_if_too_far":false,
        "door_offset":"NONE",
        "render_condition":"DOORS_OPEN",
        "positions":[[0.0,80.0]],
        "whitelisted_cars":"",
        "blacklisted_cars":""},

	  {"name":"displaytextstationendstationsee",
        "stage":"INTERIOR",
        "mirror":true,
        "skip_rendering_if_too_far":false,
        "door_offset":"NONE",
        "render_condition":"DOORS_OPEN",
        "positions":[[0.0,80.0]],
        "whitelisted_cars":"",
        "blacklisted_cars":"",
        "display":{"x_padding":0.05,
        "y_padding":0.05,
        "cjk_size_ratio":0.0,
        "type":"DESTINATION",
        "color_cjk":"FFFFFF",
        "color":"FFFFFF",
        "should_scroll":false,
        "force_upper_case":false,
        "force_single_line":true}},

        {"name":"displaymindgapother",
        "stage":"INTERIOR",
        "mirror":true,
        "skip_rendering_if_too_far":false,
        "door_offset":"NONE",
        "render_condition":"DOOR_RIGHT_OPEN",
        "positions":[[0.0,80.0]],
        "whitelisted_cars":"",
        "blacklisted_cars":"",
        "display":{"x_padding":0.55,
        "y_padding":0.2,
        "cjk_size_ratio":0,
        "type":"NEXT_STATION_PLAIN",
        "color_cjk":"1",
        "color":"1",
        "should_scroll":false,
        "force_upper_case":false,
        "force_single_line":true}},

        {"name":"displaymindgap",
        "stage":"INTERIOR",
        "mirror":true,
        "skip_rendering_if_too_far":false,
        "door_offset":"NONE",
        "render_condition":"DOOR_LEFT_OPEN",
        "positions":[[0.0,80.0]],
        "whitelisted_cars":"",
        "blacklisted_cars":"",
        "display":{"x_padding":0.55,
        "y_padding":0.2,
        "cjk_size_ratio":0,
        "type":"NEXT_STATION_PLAIN",
        "color_cjk":"1",
        "color":"1",
        "should_scroll":false,
        "force_upper_case":false,
        "force_single_line":true}},

        {"name":"display",
        "stage":"INTERIOR",
        "mirror":true,
        "skip_rendering_if_too_far":false,
        "door_offset":"NONE",
        "render_condition":"DOORS_CLOSED",
        "positions":[[0.0,80.0]],
        "whitelisted_cars":"",
        "blacklisted_cars":""},

        {"name":"doorinleft"
        ,
        "stage":"INTERIOR",
        "mirror":true,
        "skip_rendering_if_too_far":false,
        "door_offset":"LEFT_NEGATIVE",
        "render_condition":"ALL",
        "positions":[[0.0,160.0]],
        "whitelisted_cars":"",
        "blacklisted_cars":""},

        {"name":"dooroutleft",
        "stage":"EXTERIOR",
        "mirror":true,
        "skip_rendering_if_too_far":false,
        "door_offset":"LEFT_NEGATIVE",
        "render_condition":"ALL",
        "positions":[[0.0,160.0]],
        "whitelisted_cars":"",
        "blacklisted_cars":""},

        {"name":"doorinright",
        "stage":"INTERIOR",
        "mirror":true,
        "skip_rendering_if_too_far":false,
        "door_offset":"LEFT_POSITIVE",
        "render_condition":"ALL",
        "positions":[[0.0,160.0]],
        "whitelisted_cars":"",
        "blacklisted_cars":""},

        {"name":"doorloutright",
        "stage":"EXTERIOR",
        "mirror":true,
        "skip_rendering_if_too_far":false,
        "door_offset":"LEFT_POSITIVE",
        "render_condition":"ALL",
        "positions":[[0.0,160.0]],
        "whitelisted_cars":"",
        "blacklisted_cars":""},

        {"name":"doorout",
        "stage":"EXTERIOR",
        "mirror":true,
        "skip_rendering_if_too_far":false,
        "door_offset":"NONE",
        "render_condition":"ALL",
        "positions":[[0.0,160.0]],
        "whitelisted_cars":"",
        "blacklisted_cars":""},

        {"name":"doorin",
        "stage":"INTERIOR",
        "mirror":true,
        "skip_rendering_if_too_far":false,
        "door_offset":"NONE",
        "render_condition":"ALL",
        "positions":[[0.0,160.0]],
        "whitelisted_cars":"",
        "blacklisted_cars":""},

        {"name":"lightdoor",
        "stage":"ALWAYS_ON_LIGHTS",
        "mirror":true,
        "skip_rendering_if_too_far":false,
        "door_offset":"NONE",
        "render_condition":"ALL",
        "positions":[[0.0,160.0]],
        "whitelisted_cars":"",
        "blacklisted_cars":""},

        {"name":"displaytext",
        "stage":"INTERIOR",
        "mirror":true,
        "skip_rendering_if_too_far":false,
        "door_offset":"NONE",
        "render_condition":"DOORS_CLOSED",
        "positions":[[0.0,160.0]],
        "whitelisted_cars":"",
        "blacklisted_cars":"",
        "display":{"x_padding":0.05,
        "y_padding":0.05,
        "cjk_size_ratio":0.0,
        "type":"NEXT_STATION_MTR",
        "color_cjk":"FFFFFF",
        "color":"FFFFFF",
        "should_scroll":false,
        "force_upper_case":false,
        "force_single_line":true}},

        {"name":"displaytextstation",
        "stage":"INTERIOR",
        "mirror":true,
        "skip_rendering_if_too_far":false,
        "door_offset":"NONE",
        "render_condition":"DOORS_OPEN",
        "positions":[[0.0,160.0]],
        "whitelisted_cars":"",
        "blacklisted_cars":""},

	  {"name":"displaytextstationendstationsee",
        "stage":"INTERIOR",
        "mirror":true,
        "skip_rendering_if_too_far":false,
        "door_offset":"NONE",
        "render_condition":"DOORS_OPEN",
        "positions":[[0.0,160.0]],
        "whitelisted_cars":"",
        "blacklisted_cars":"",
        "display":{"x_padding":0.05,
        "y_padding":0.05,
        "cjk_size_ratio":0.0,
        "type":"DESTINATION",
        "color_cjk":"FFFFFF",
        "color":"FFFFFF",
        "should_scroll":false,
        "force_upper_case":false,
        "force_single_line":true}},

        {"name":"displaymindgapother",
        "stage":"INTERIOR",
        "mirror":true,
        "skip_rendering_if_too_far":false,
        "door_offset":"NONE",
        "render_condition":"DOOR_RIGHT_OPEN",
        "positions":[[0.0,160.0]],
        "whitelisted_cars":"",
        "blacklisted_cars":"",
        "display":{"x_padding":0.55,
        "y_padding":0.2,
        "cjk_size_ratio":0,
        "type":"NEXT_STATION_PLAIN",
        "color_cjk":"1",
        "color":"1",
        "should_scroll":false,
        "force_upper_case":false,
        "force_single_line":true}},

        {"name":"displaymindgap",
        "stage":"INTERIOR",
        "mirror":true,
        "skip_rendering_if_too_far":false,
        "door_offset":"NONE",
        "render_condition":"DOOR_LEFT_OPEN",
        "positions":[[0.0,160.0]],
        "whitelisted_cars":"",
        "blacklisted_cars":"",
        "display":{"x_padding":0.55,
        "y_padding":0.2,
        "cjk_size_ratio":0,
        "type":"NEXT_STATION_PLAIN",
        "color_cjk":"1",
        "color":"1",
        "should_scroll":false,
        "force_upper_case":false,
        "force_single_line":true}},

        {"name":"display",
        "stage":"INTERIOR",
        "mirror":true,
        "skip_rendering_if_too_far":false,
        "door_offset":"NONE",
        "render_condition":"DOORS_CLOSED",
        "positions":[[0.0,160.0]],
        "whitelisted_cars":"",
        "blacklisted_cars":""},










        {"name":"bodyout",
        "stage":"EXTERIOR",
        "mirror":false,
        "skip_rendering_if_too_far":false,
        "door_offset":"NONE",
        "render_condition":"ALL",
        "positions":[[0,0]],
        "whitelisted_cars":"",
        "blacklisted_cars":""},

        {"name":"bodyin",
        "stage":"INTERIOR",
        "mirror":false,
        "skip_rendering_if_too_far":false,
        "door_offset":"NONE",
        "render_condition":"ALL",
        "positions":[[0.0,0.0]],
        "whitelisted_cars":"",
        "blacklisted_cars":""},

        {"name":"seat_tv",
        "stage":"INTERIOR",
        "mirror":false,
        "skip_rendering_if_too_far":false,
        "door_offset":"NONE",
        "render_condition":"ALL",
        "positions":[[0.0,0.0]],
        "whitelisted_cars":"",
        "blacklisted_cars":""},

        {"name":"lightseat",
        "stage":"ALWAYS_ON_LIGHTS",
        "mirror":false,
        "skip_rendering_if_too_far":false,
        "door_offset":"NONE",
        "render_condition":"ALL",
        "positions":[[0.0,0.0]],
        "whitelisted_cars":"",
        "blacklisted_cars":""},
        
        
        {"name":"bodyout",
        "stage":"EXTERIOR",
        "mirror":false,
        "skip_rendering_if_too_far":false,
        "door_offset":"NONE",
        "render_condition":"ALL",
        "positions":[[0,-80]],
        "whitelisted_cars":"",
        "blacklisted_cars":""},

        {"name":"bodyinlovesit",
        "stage":"INTERIOR",
        "mirror":false,
        "skip_rendering_if_too_far":false,
        "door_offset":"NONE",
        "render_condition":"ALL",
        "positions":[[0.0,-80.0]],
        "whitelisted_cars":"",
        "blacklisted_cars":""},

        {"name":"seat_tv",
        "stage":"INTERIOR",
        "mirror":false,
        "skip_rendering_if_too_far":false,
        "door_offset":"NONE",
        "render_condition":"ALL",
        "positions":[[0.0,-80.0]],
        "whitelisted_cars":"",
        "blacklisted_cars":""},

        {"name":"lightseat",
        "stage":"ALWAYS_ON_LIGHTS",
        "mirror":false,
        "skip_rendering_if_too_far":false,
        "door_offset":"NONE",
        "render_condition":"ALL",
        "positions":[[0.0,-80.0]],
        "whitelisted_cars":"",
        "blacklisted_cars":""},

        
        {"name":"bodyout",
        "stage":"EXTERIOR",
        "mirror":false,
        "skip_rendering_if_too_far":false,
        "door_offset":"NONE",
        "render_condition":"ALL",
        "positions":[[0,80]],
        "whitelisted_cars":"",
        "blacklisted_cars":""},

        {"name":"bodyin",
        "stage":"INTERIOR",
        "mirror":false,
        "skip_rendering_if_too_far":false,
        "door_offset":"NONE",
        "render_condition":"ALL",
        "positions":[[0.0,80.0]],
        "whitelisted_cars":"",
        "blacklisted_cars":""},

        {"name":"seat_ad",
        "stage":"INTERIOR",
        "mirror":false,
        "skip_rendering_if_too_far":false,
        "door_offset":"NONE",
        "render_condition":"ALL",
        "positions":[[0.0,80.0]],
        "whitelisted_cars":"",
        "blacklisted_cars":""},

        {"name":"lightseat",
        "stage":"ALWAYS_ON_LIGHTS",
        "mirror":false,
        "skip_rendering_if_too_far":false,
        "door_offset":"NONE",
        "render_condition":"ALL",
        "positions":[[0.0,80.0]],
        "whitelisted_cars":"",
        "blacklisted_cars":""},

        
        {"name":"bodyout",
        "stage":"EXTERIOR",
        "mirror":false,
        "skip_rendering_if_too_far":false,
        "door_offset":"NONE",
        "render_condition":"ALL",
        "positions":[[0,160]],
        "whitelisted_cars":"",
        "blacklisted_cars":""},

        {"name":"bodyin",
        "stage":"INTERIOR",
        "mirror":false,
        "skip_rendering_if_too_far":false,
        "door_offset":"NONE",
        "render_condition":"ALL",
        "positions":[[0.0,160.0]],
        "whitelisted_cars":"",
        "blacklisted_cars":""},

        {"name":"seat_tv",
        "stage":"INTERIOR",
        "mirror":false,
        "skip_rendering_if_too_far":false,
        "door_offset":"NONE",
        "render_condition":"ALL",
        "positions":[[0.0,160.0]],
        "whitelisted_cars":"",
        "blacklisted_cars":""},

        {"name":"lightseat",
        "stage":"ALWAYS_ON_LIGHTS",
        "mirror":false,
        "skip_rendering_if_too_far":false,
        "door_offset":"NONE",
        "render_condition":"ALL",
        "positions":[[0.0,160.0]],
        "whitelisted_cars":"",
        "blacklisted_cars":""},

        {"name":"bodyout",
        "stage":"EXTERIOR",
        "mirror":true,
        "skip_rendering_if_too_far":false,
        "door_offset":"NONE",
        "render_condition":"ALL",
        "positions":[[0,-80]],
        "whitelisted_cars":"",
        "blacklisted_cars":""},
        
        {"name":"bodyin",
        "stage":"INTERIOR",
        "mirror":true,
        "skip_rendering_if_too_far":false,
        "door_offset":"NONE",
        "render_condition":"ALL",
        "positions":[[0.0,-80.0]],
        "whitelisted_cars":"",
        "blacklisted_cars":""},
        
        {"name":"seat_ad",
        "stage":"INTERIOR",
        "mirror":true,
        "skip_rendering_if_too_far":false,
        "door_offset":"NONE",
        "render_condition":"ALL",
        "positions":[[0.0,-80.0]],
        "whitelisted_cars":"",
        "blacklisted_cars":""},
        
        {"name":"lightseat",
        "stage":"ALWAYS_ON_LIGHTS",
        "mirror":true,
        "skip_rendering_if_too_far":false,
        "door_offset":"NONE",
        "render_condition":"ALL",
        "positions":[[0.0,-80.0]],
        "whitelisted_cars":"",
        "blacklisted_cars":""},
        
        
        {"name":"bodyout",
        "stage":"EXTERIOR",
        "mirror":true,
        "skip_rendering_if_too_far":false,
        "door_offset":"NONE",
        "render_condition":"ALL",
        "positions":[[0,-160]],
        "whitelisted_cars":"",
        "blacklisted_cars":""},
        
        {"name":"bodyin",
        "stage":"INTERIOR",
        "mirror":true,
        "skip_rendering_if_too_far":false,
        "door_offset":"NONE",
        "render_condition":"ALL",
        "positions":[[0.0,-160.0]],
        "whitelisted_cars":"",
        "blacklisted_cars":""},
        
        {"name":"seat_ad",
        "stage":"INTERIOR",
        "mirror":true,
        "skip_rendering_if_too_far":false,
        "door_offset":"NONE",
        "render_condition":"ALL",
        "positions":[[0.0,-160.0]],
        "whitelisted_cars":"",
        "blacklisted_cars":""},
        
        {"name":"lightseat",
        "stage":"ALWAYS_ON_LIGHTS",
        "mirror":true,
        "skip_rendering_if_too_far":false,
        "door_offset":"NONE",
        "render_condition":"ALL",
        "positions":[[0.0,-160.0]],
        "whitelisted_cars":"",
        "blacklisted_cars":""},
        
        
        {"name":"bodyout",
        "stage":"EXTERIOR",
        "mirror":true,
        "skip_rendering_if_too_far":false,
        "door_offset":"NONE",
        "render_condition":"ALL",
        "positions":[[0,0]],
        "whitelisted_cars":"",
        "blacklisted_cars":""},
        
        {"name":"bodyinlove",
        "stage":"INTERIOR",
        "mirror":true,
        "skip_rendering_if_too_far":false,
        "door_offset":"NONE",
        "render_condition":"ALL",
        "positions":[[0.0,0.0]],
        "whitelisted_cars":"",
        "blacklisted_cars":""},
        
        {"name":"seat_tv",
        "stage":"INTERIOR",
        "mirror":true,
        "skip_rendering_if_too_far":false,
        "door_offset":"NONE",
        "render_condition":"ALL",
        "positions":[[0.0,0.0]],
        "whitelisted_cars":"",
        "blacklisted_cars":""},
        
        {"name":"lightseat",
        "stage":"ALWAYS_ON_LIGHTS",
        "mirror":true,
        "skip_rendering_if_too_far":false,
        "door_offset":"NONE",
        "render_condition":"ALL",
        "positions":[[0.0,0.0]],
        "whitelisted_cars":"",
        "blacklisted_cars":""},
        
        
        {"name":"bodyout",
        "stage":"EXTERIOR",
        "mirror":true,
        "skip_rendering_if_too_far":false,
        "door_offset":"NONE",
        "render_condition":"ALL",
        "positions":[[0,80]],
        "whitelisted_cars":"",
        "blacklisted_cars":""},

        {"name":"bodyinlovesit",
        "stage":"INTERIOR",
        "mirror":true,
        "skip_rendering_if_too_far":false,
        "door_offset":"NONE",
        "render_condition":"ALL",
        "positions":[[0.0,80.0]],
        "whitelisted_cars":"",
        "blacklisted_cars":""},
        
        {"name":"seat_ad",
        "stage":"INTERIOR",
        "mirror":true,
        "skip_rendering_if_too_far":false,
        "door_offset":"NONE",
        "render_condition":"ALL",
        "positions":[[0.0,80.0]],
        "whitelisted_cars":"",
        "blacklisted_cars":""},
        
        {"name":"lightseat",
        "stage":"ALWAYS_ON_LIGHTS",
        "mirror":true,
        "skip_rendering_if_too_far":false,
        "door_offset":"NONE",
        "render_condition":"ALL",
        "positions":[[0.0,80.0]],
        "whitelisted_cars":"",
        "blacklisted_cars":""},

        {"name":"headout",
        "stage":"EXTERIOR",
        "mirror":false,
        "skip_rendering_if_too_far":false,
        "door_offset":"NONE",
        "render_condition":"ALL",
        "positions":[[0.0,-161.0]],
        "whitelisted_cars":"1",
        "blacklisted_cars":"%2+1,%2"},
        
        {"name":"headin",
        "stage":"INTERIOR",
        "mirror":false,
        "skip_rendering_if_too_far":false,
        "door_offset":"NONE",
        "render_condition":"ALL",
        "positions":[[0.0,-161.0]],
        "whitelisted_cars":"1",
        "blacklisted_cars":"%2+1,%2"},

        {"name":"headout",
        "stage":"EXTERIOR",
        "mirror":true,
        "skip_rendering_if_too_far":false,
        "door_offset":"NONE",
        "render_condition":"ALL",
        "positions":[[0.0,161.0]],
        "whitelisted_cars":"-1",
        "blacklisted_cars":"%2+1,%2"},
        
        {"name":"headin",
        "stage":"INTERIOR",
        "mirror":true,
        "skip_rendering_if_too_far":false,
        "door_offset":"NONE",
        "render_condition":"ALL",
        "positions":[[0.0,161.0]],
        "whitelisted_cars":"-1",
        "blacklisted_cars":"%2+1,%2"},

        {"name":"endout",
        "stage":"EXTERIOR",
        "mirror":false,
        "skip_rendering_if_too_far":false,
        "door_offset":"NONE",
        "render_condition":"ALL",
        "positions":[[0.0,-160.0]],
        "whitelisted_cars":"%2+1,%2",
        "blacklisted_cars":"1"},
        
        {"name":"endin",
        "stage":"INTERIOR",
        "mirror":false,
        "skip_rendering_if_too_far":false,
        "door_offset":"NONE",
        "render_condition":"ALL",
        "positions":[[0.0,-160.0]],
        "whitelisted_cars":"%2+1,%2",
        "blacklisted_cars":"1"},

        {"name":"endout",
        "stage":"EXTERIOR",
        "mirror":true,
        "skip_rendering_if_too_far":false,
        "door_offset":"NONE",
        "render_condition":"ALL",
        "positions":[[0.0,160.0]],
        "whitelisted_cars":"%2+1,%2",
        "blacklisted_cars":"-1"},
        
        {"name":"endin",
        "stage":"INTERIOR",
        "mirror":true,
        "skip_rendering_if_too_far":false,
        "door_offset":"NONE",
        "render_condition":"ALL",
        "positions":[[0.0,160.0]],
        "whitelisted_cars":"%2+1,%2",
        "blacklisted_cars":"-1"},








        {"name":"A753",
        "stage":"EXTERIOR",
        "mirror":false,
        "skip_rendering_if_too_far":false,
        "door_offset":"NONE",
        "render_condition":"ALL",
        "positions":[[0,160]],
        "whitelisted_cars":"1",
        "blacklisted_cars":"%2+1,%2"},

        {"name":"A753",
        "stage":"EXTERIOR",
        "mirror":false,
        "skip_rendering_if_too_far":false,
        "door_offset":"NONE",
        "render_condition":"ALL",
        "positions":[[0,-80]],
        "whitelisted_cars":"1",
        "blacklisted_cars":"%2+1,%2"},

        {"name":"A753",
        "stage":"EXTERIOR",
        "mirror":true,
        "skip_rendering_if_too_far":false,
        "door_offset":"NONE",
        "render_condition":"ALL",
        "positions":[[0,-160]],
        "whitelisted_cars":"1",
        "blacklisted_cars":"%2+1,%2"},

        {"name":"A753",
        "stage":"EXTERIOR",
        "mirror":true,
        "skip_rendering_if_too_far":false,
        "door_offset":"NONE",
        "render_condition":"ALL",
        "positions":[[0,80]],
        "whitelisted_cars":"1",
        "blacklisted_cars":"%2+1,%2"},
        {"name":"C753",
        "stage":"EXTERIOR",
        "mirror":false,
        "skip_rendering_if_too_far":false,
        "door_offset":"NONE",
        "render_condition":"ALL",
        "positions":[[0,160]],
        "whitelisted_cars":"2",
        "blacklisted_cars":"%2+1,%2"},

        {"name":"C753",
        "stage":"EXTERIOR",
        "mirror":false,
        "skip_rendering_if_too_far":false,
        "door_offset":"NONE",
        "render_condition":"ALL",
        "positions":[[0,-80]],
        "whitelisted_cars":"2",
        "blacklisted_cars":"%2+1,%2"},

        {"name":"C753",
        "stage":"EXTERIOR",
        "mirror":true,
        "skip_rendering_if_too_far":false,
        "door_offset":"NONE",
        "render_condition":"ALL",
        "positions":[[0,-160]],
        "whitelisted_cars":"2",
        "blacklisted_cars":"%2+1,%2"},

        {"name":"C753",
        "stage":"EXTERIOR",
        "mirror":true,
        "skip_rendering_if_too_far":false,
        "door_offset":"NONE",
        "render_condition":"ALL",
        "positions":[[0,80]],
        "whitelisted_cars":"2",
        "blacklisted_cars":"%2+1,%2"},
        
        {"name":"B753",
        "stage":"EXTERIOR",
        "mirror":false,
        "skip_rendering_if_too_far":false,
        "door_offset":"NONE",
        "render_condition":"ALL",
        "positions":[[0,160]],
        "whitelisted_cars":"3",
        "blacklisted_cars":"%2+1,%2"},

        {"name":"B753",
        "stage":"EXTERIOR",
        "mirror":false,
        "skip_rendering_if_too_far":false,
        "door_offset":"NONE",
        "render_condition":"ALL",
        "positions":[[0,-80]],
        "whitelisted_cars":"3",
        "blacklisted_cars":"%2+1,%2"},

        {"name":"B753",
        "stage":"EXTERIOR",
        "mirror":true,
        "skip_rendering_if_too_far":false,
        "door_offset":"NONE",
        "render_condition":"ALL",
        "positions":[[0,-160]],
        "whitelisted_cars":"3",
        "blacklisted_cars":"%2+1,%2"},

        {"name":"B753",
        "stage":"EXTERIOR",
        "mirror":true,
        "skip_rendering_if_too_far":false,
        "door_offset":"NONE",
        "render_condition":"ALL",
        "positions":[[0,80]],
        "whitelisted_cars":"3",
        "blacklisted_cars":"%2+1,%2"},
        
        {"name":"B977",
        "stage":"EXTERIOR",
        "mirror":false,
        "skip_rendering_if_too_far":false,
        "door_offset":"NONE",
        "render_condition":"ALL",
        "positions":[[0,160]],
        "whitelisted_cars":"4",
        "blacklisted_cars":"%2+1,%2"},

        {"name":"B977",
        "stage":"EXTERIOR",
        "mirror":false,
        "skip_rendering_if_too_far":false,
        "door_offset":"NONE",
        "render_condition":"ALL",
        "positions":[[0,-80]],
        "whitelisted_cars":"4",
        "blacklisted_cars":"%2+1,%2"},
        
        {"name":"B754",
        "stage":"EXTERIOR",
        "mirror":false,
        "skip_rendering_if_too_far":false,
        "door_offset":"NONE",
        "render_condition":"ALL",
        "positions":[[0,160]],
        "whitelisted_cars":"6",
        "blacklisted_cars":"%2+1,%2"},

        {"name":"B754",
        "stage":"EXTERIOR",
        "mirror":false,
        "skip_rendering_if_too_far":false,
        "door_offset":"NONE",
        "render_condition":"ALL",
        "positions":[[0,-80]],
        "whitelisted_cars":"6",
        "blacklisted_cars":"%2+1,%2"},

        {"name":"B754",
        "stage":"EXTERIOR",
        "mirror":true,
        "skip_rendering_if_too_far":false,
        "door_offset":"NONE",
        "render_condition":"ALL",
        "positions":[[0,-160]],
        "whitelisted_cars":"6",
        "blacklisted_cars":"%2+1,%2"},

        {"name":"B754",
        "stage":"EXTERIOR",
        "mirror":true,
        "skip_rendering_if_too_far":false,
        "door_offset":"NONE",
        "render_condition":"ALL",
        "positions":[[0,80]],
        "whitelisted_cars":"6",
        "blacklisted_cars":"%2+1,%2"},
        

        {"name":"C754",
        "stage":"EXTERIOR",
        "mirror":false,
        "skip_rendering_if_too_far":false,
        "door_offset":"NONE",
        "render_condition":"ALL",
        "positions":[[0,160]],
        "whitelisted_cars":"7",
        "blacklisted_cars":"%2+1,%2"},

        {"name":"C754",
        "stage":"EXTERIOR",
        "mirror":false,
        "skip_rendering_if_too_far":false,
        "door_offset":"NONE",
        "render_condition":"ALL",
        "positions":[[0,-80]],
        "whitelisted_cars":"7",
        "blacklisted_cars":"%2+1,%2"},

        {"name":"C754",
        "stage":"EXTERIOR",
        "mirror":true,
        "skip_rendering_if_too_far":false,
        "door_offset":"NONE",
        "render_condition":"ALL",
        "positions":[[0,-160]],
        "whitelisted_cars":"7",
        "blacklisted_cars":"%2+1,%2"},

        {"name":"C754",
        "stage":"EXTERIOR",
        "mirror":true,
        "skip_rendering_if_too_far":false,
        "door_offset":"NONE",
        "render_condition":"ALL",
        "positions":[[0,80]],
        "whitelisted_cars":"7",
        "blacklisted_cars":"%2+1,%2"},
        

        {"name":"A754",
        "stage":"EXTERIOR",
        "mirror":false,
        "skip_rendering_if_too_far":false,
        "door_offset":"NONE",
        "render_condition":"ALL",
        "positions":[[0,160]],
        "whitelisted_cars":"8",
        "blacklisted_cars":"%2+1,%2"},

        {"name":"A754",
        "stage":"EXTERIOR",
        "mirror":false,
        "skip_rendering_if_too_far":false,
        "door_offset":"NONE",
        "render_condition":"ALL",
        "positions":[[0,-80]],
        "whitelisted_cars":"8",
        "blacklisted_cars":"%2+1,%2"},

        {"name":"A754",
        "stage":"EXTERIOR",
        "mirror":true,
        "skip_rendering_if_too_far":false,
        "door_offset":"NONE",
        "render_condition":"ALL",
        "positions":[[0,-160]],
        "whitelisted_cars":"8",
        "blacklisted_cars":"%2+1,%2"},

        {"name":"A754",
        "stage":"EXTERIOR",
        "mirror":true,
        "skip_rendering_if_too_far":false,
        "door_offset":"NONE",
        "render_condition":"ALL",
        "positions":[[0,80]],
        "whitelisted_cars":"8",
        "blacklisted_cars":"%2+1,%2"},

        {"name":"B977",
        "stage":"EXTERIOR",
        "mirror":true,
        "skip_rendering_if_too_far":false,
        "door_offset":"NONE",
        "render_condition":"ALL",
        "positions":[[0,-160]],
        "whitelisted_cars":"4",
        "blacklisted_cars":"%2+1,%2"},

        {"name":"B977",
        "stage":"EXTERIOR",
        "mirror":true,
        "skip_rendering_if_too_far":false,
        "door_offset":"NONE",
        "render_condition":"ALL",
        "positions":[[0,80]],
        "whitelisted_cars":"4",
        "blacklisted_cars":"%2+1,%2"},
        
        {"name":"C977",
        "stage":"EXTERIOR",
        "mirror":false,
        "skip_rendering_if_too_far":false,
        "door_offset":"NONE",
        "render_condition":"ALL",
        "positions":[[0,160]],
        "whitelisted_cars":"5",
        "blacklisted_cars":"%2+1,%2"},

        {"name":"C977",
        "stage":"EXTERIOR",
        "mirror":false,
        "skip_rendering_if_too_far":false,
        "door_offset":"NONE",
        "render_condition":"ALL",
        "positions":[[0,-80]],
        "whitelisted_cars":"5",
        "blacklisted_cars":"%2+1,%2"},

        {"name":"C977",
        "stage":"EXTERIOR",
        "mirror":true,
        "skip_rendering_if_too_far":false,
        "door_offset":"NONE",
        "render_condition":"ALL",
        "positions":[[0,-160]],
        "whitelisted_cars":"5",
        "blacklisted_cars":"%2+1,%2"},

        {"name":"C977",
        "stage":"EXTERIOR",
        "mirror":true,
        "skip_rendering_if_too_far":false,
        "door_offset":"NONE",
        "render_condition":"ALL",
        "positions":[[0,80]],
        "whitelisted_cars":"5",
        "blacklisted_cars":"%2+1,%2"}
        
        





        
    ]
}



