{
    "parent": "item/generated",
    "textures": {
        "layer0": "mtrsteamloco:item/eye_candy"
    },
    "overrides" :[
		{"predicate":{"custom_model_data":1},"model":"mtrsteamloco:item/left1-4"},
		{"predicate":{"custom_model_data":2},"model":"mtrsteamloco:item/left5-8"},
		{"predicate":{"custom_model_data":3},"model":"mtrsteamloco:item/right1-4"},
		{"predicate":{"custom_model_data":4},"model":"mtrsteamloco:item/right5-8"},
        {"predicate":{"custom_model_data":5},"model":"item/wooden_hoe"},
		{"predicate":{"custom_model_data":6},"model":"item/stone_hoe"},
		{"predicate":{"custom_model_data":7},"model":"item/iron_hoe"},
		{"predicate":{"custom_model_data":8},"model":"item/golden_hoe"},
		{"predicate":{"custom_model_data":9},"model":"item/diamond_hoe"}
	]
}
